time,ppg,ppg_preprocessed
16.163,44005.683696658285,18.47015142645635
16.17300133422283,44520.0701057912,139.62850323782408
16.183002668445656,44372.46341115673,246.80327437382158
16.193004002668484,44447.603492563874,329.85753032655765
16.20300533689131,44395.14309167534,384.603834951042
16.213006671114137,44427.873367647,412.65806096300906
16.223008005336965,44384.15220085604,419.7599952024007
16.233009339559793,44426.939454001564,413.5260824156569
16.24301067378262,44417.29002477347,401.3908067957667
16.25301200800545,44457.29986559423,389.18397180146167
16.263013342228273,44461.95441444303,380.482393644882
16.2730146764511,44496.45313498591,376.6366112079309
16.28301601067393,44493.533107107316,377.2461382382879
16.293017344896757,44524.03370883693,380.8318995439684
16.303018679119585,44524.17065966076,385.5000345902421
16.313020013342413,44539.721585052226,389.4643312628356
16.323021347565238,44533.782200057765,391.36656330494236
16.333022681788066,44553.67298981454,390.3988627672677
16.343024016010894,44540.507360598516,386.27893147483127
16.35302535023372,44563.04338540271,379.1429893728296
16.36302668445655,44545.49222146539,369.40837858575674
16.373028018679378,44549.567487441556,357.63682740745315
16.383029352902202,44545.60152255987,344.4174146664066
16.39303068712503,44545.68159850252,330.28469992876785
16.403032021347858,44533.88283058147,315.67663101590426
16.413033355570686,44534.29535979626,300.92148818173365
16.423034689793514,44522.912833545066,286.240229814676
16.433036024016342,44519.52188885541,271.75736366189534
16.443037358239167,44508.83537709675,257.5192770914321
16.453038692461995,44512.55792873825,243.52288922595986
16.463040026684823,44504.27207282866,229.75531113574033
16.47304136090765,44500.41719251555,216.23319020119632
16.48304269513048,44483.051001564134,203.02269538049154
16.493044029353307,44494.595843362804,190.2330794877351
16.503045363576135,44480.872117574,177.99376492299763
16.51304669779896,44473.59159353009,166.42373449129317
16.523048032021787,44470.709181102226,155.59601942016053
16.533049366244615,44473.099549201346,145.5094233161025
16.543050700467443,44472.30363441908,136.08441913796437
16.55305203469027,44463.77220528634,127.18302327802172
16.5630533689131,44466.416006831976,118.63764700709808
16.573054703135924,44464.180944263964,110.28022942148549
16.58305603735875,44462.32293670212,101.97276077591175
16.59305737158158,44466.68209952852,93.63725052565552
16.603058705804408,44460.049647843145,85.27392256004656
16.613060040027236,44455.191681836404,76.95234865017534
16.623061374250064,44449.13806488076,68.76942528056402
16.633062708472888,44452.7709210179,60.788638067369014
16.643064042695716,44439.11872946641,52.988863602825624
16.653065376918544,44453.30591967872,45.247400131768416
16.663066711141372,44447.65564178388,37.366765519696045
16.6730680453642,44446.160531023575,29.131971524224003
16.683069379587028,44435.332799749194,20.366730248001172
16.693070713809853,44433.03909028239,10.964709478283682
16.70307204803268,44425.28572423252,0.8988154745684471
16.71307338225551,44424.60263140402,-9.772681642033474
16.723074716478337,44416.7368516127,-20.89113790505694
16.733076050701165,44404.0868390571,-32.1766976611895
16.743077384923993,44400.82951342004,-43.20896705532281
16.753078719146817,44408.86895359084,-53.4103679483249
16.763080053369645,44398.286433797206,-62.040685564268955
16.773081387592473,44393.01111294771,-68.23553449241331
16.7830827218153,44383.62568347815,-71.1233152050249
16.79308405603813,44389.927575408954,-70.01433904025544
16.803085390260957,44383.582647691226,-64.60646486096242
16.81308672448378,44413.56342981319,-55.13022568910393
16.82308805870661,44429.05255776916,-42.370683566162846
16.833089392929438,44455.78042118579,-27.54982725835102
16.843090727152266,44466.31237919708,-12.109799892363233
16.853092061375094,44490.73656399089,2.5357235656624537
16.86309339559792,44506.78970058508,15.225356503208722
16.87309472982075,44520.65345607722,25.2102791253415
16.883096064043574,44520.23032698611,32.220679539922486
16.893097398266402,44527.4525933155,36.423455224211516
16.90309873248923,44530.16070215829,38.2871514419413
16.913100066712058,44524.25846537337,38.39613935936795
16.923101400934886,44523.12068396927,37.2644188428973
16.933102735157714,44526.91400511977,35.200456350255706
16.94310406938054,44538.43483663866,32.265384461832426
16.953105403603367,44527.186366965296,28.33184047978331
16.963106737826195,44532.98795509557,23.20590372062675
16.973108072049023,44530.78789186281,16.75526631126882
16.98310940627185,44502.27854131052,8.995853575296557
16.99311074049468,44510.55304650689,0.11380236929174159
17.003112074717503,44493.73117372398,-9.566531413423286
17.01311340894033,44482.64026181139,-19.638637382741894
17.02311474316316,44474.13890687983,-29.670516419924887
17.033116077385987,44473.88891828295,-39.247857606283
17.043117411608815,44460.07187296569,-47.998270746502726
17.053118745831643,44452.43765990436,-55.607681349307136
17.063120080054468,44443.77790422389,-61.845431250188106
17.073121414277296,44438.739757458156,-66.59835608230034
17.083122748500124,44438.30586873092,-69.89778285981109
17.09312408272295,44433.89095754659,-71.92388743266257
17.10312541694578,44429.67086900561,-72.9819113106533
17.113126751168608,44442.07843347388,-73.45158313989762
17.123128085391436,44433.369373566486,-73.71739396817269
17.13312941961426,44432.02722282202,-74.09901778525285
17.143130753837088,44436.91213117053,-74.80456271274947
17.153132088059916,44423.849484470804,-75.91655374369684
17.163133422282744,44428.36046681756,-77.406549586189
17.173134756505572,44429.070735046305,-79.167625176182
17.183136090728397,44416.53702098155,-81.0546513864094
17.193137424951225,44423.40685281038,-82.92850176424082
17.203138759174053,44408.95177797398,-84.70052336828579
17.21314009339688,44412.547304002954,-86.36574043700332
17.22314142761971,44416.38965951588,-88.00998740723489
17.233142761842537,44415.688309776015,-89.78793589526465
17.243144096065365,44395.679868135594,-91.89102836351375
17.25314543028819,44398.59004932524,-94.52722080828816
17.263146764511017,44397.87721561187,-97.9059249265094
17.273148098733845,44390.99194089656,-102.20293185481206
17.283149432956673,44379.79970833731,-107.49787883791548
17.2931507671795,44380.76597001249,-113.6973632558781
17.30315210140233,44379.68701966619,-120.45913463525797
17.313153435625154,44363.23011420912,-127.14003274041413
17.32315476984798,44356.0464453422,-132.80288109719658
17.33315610407081,44358.179444474474,-136.30687945286994
17.343157438293638,44341.857041627125,-136.4781875295494
17.353158772516466,44347.293896041614,-132.3377557580907
17.363160106739294,44335.97306749393,-123.34496131617425
17.373161440962118,44356.925677732754,-109.58808021745715
17.383162775184946,44382.13620622398,-91.84029054925895
17.393164109407774,44418.38910890413,-71.43567745487506
17.403165443630602,44427.09809517027,-49.99909737176164
17.41316677785343,44452.1784385129,-29.129245892583292
17.423168112076258,44468.15350126667,-10.134408111592725
17.433169446299082,44478.47953909215,6.124338021303988
17.44317078052191,44483.59572607659,19.268848467915443
17.45317211474474,44494.36343875509,29.334254667586766
17.463173448967567,44494.901917453935,36.633319839340146
17.473174783190395,44497.08508666835,41.6032781345316
17.483176117413223,44505.681687347336,44.67695590223983
17.49317745163605,44504.02578222885,46.204439284682444
17.503178785858875,44505.794097100865,46.42860617230453
17.513180120081703,44503.97092973027,45.49674878825911
17.52318145430453,44493.30151532253,43.484556997012014
17.53318278852736,44487.21208835775,40.41940589934783
17.543184122750187,44490.77647363735,36.3082499998641
17.553185456973015,44481.90436494557,31.181938709824173
17.56318679119584,44476.134951671236,25.150612972738035
17.573188125418667,44467.83140393569,18.44459145417712
17.583189459641495,44455.80839514684,11.4156824650971
17.593190793864323,44443.54493529024,4.490750351744577
17.60319212808715,44433.303281087996,-1.9098048374720036
17.61319346230998,44427.55875703986,-7.45826097639574
17.623194796532804,44424.3404172039,-11.975816109681142
17.633196130755632,44424.6634301589,-15.439766665481443
17.64319746497846,44420.44251331572,-17.949896861922046
17.653198799201288,44408.417693016905,-19.68261723241147
17.663200133424116,44408.68683513224,-20.856876780047138
17.673201467646944,44407.96408523302,-21.711397269039697
17.68320280186977,44406.583619173376,-22.47790797918083
17.693204136092596,44404.906802886,-23.34497169381195
17.703205470315424,44407.53438826495,-24.42397761492119
17.713206804538252,44391.43744796243,-25.734889935871244
17.72320813876108,44396.11776021921,-27.221050867331723
17.73320947298391,44391.88703828302,-28.784493709627114
17.743210807206733,44390.53389721037,-30.323606289416368
17.75321214142956,44382.69056754893,-31.76353984479924
17.76321347565239,44384.872459617945,-33.07866358924229
17.773214809875217,44381.623966059145,-34.304209281242215
17.783216144098045,44381.26737912585,-35.53427801671034
17.793217478320873,44372.94097628564,-36.91071130771396
17.803218812543697,44376.80122731948,-38.609672313842054
17.813220146766525,44368.07784957604,-40.82743974555762
17.823221480989353,44358.07067991134,-43.762394931588915
17.83322281521218,44367.76058220198,-47.586459580547505
17.84322414943501,44352.12030453261,-52.39852876418317
17.853225483657837,44345.12117346077,-58.1629339261809
17.863226817880665,44342.09140911576,-64.6450272629325
17.87322815210349,44341.682002820286,-71.3527765635217
17.883229486326318,44337.90294142731,-77.49936156872481
17.893230820549146,44329.435333457186,-82.02424189869755
17.903232154771974,44308.84318490209,-83.71459884752595
17.913233488994802,44315.36011636817,-81.42956516693216
17.92323482321763,44313.2246334429,-74.36983685242157
17.933236157440454,44327.41786526322,-62.30425260229729
17.943237491663282,44340.988457766856,-45.67876136587329
17.95323882588611,44376.27874879104,-25.56902552284079
17.96324016010894,44402.32672508837,-3.4828108177112
17.973241494331766,44425.5193320879,18.929090429270257
17.983242828554594,44443.02425221818,40.15894351664505
17.99324416277742,44452.09895454398,59.041584078001094
18.003245497000247,44467.36413271978,74.83447632515042
18.013246831223075,44476.658301824085,87.19911811380126
18.023248165445903,44491.42397332638,96.12955568252221
18.03324949966873,44489.68811452692,101.8651731376099
18.04325083389156,44496.52498442473,104.8041599512811
18.053252168114383,44498.86095334183,105.42285239228946
18.06325350233721,44490.92916776368,104.20345567689232
18.07325483656004,44486.95873304959,101.57186007711091
18.083256170782867,44489.43422908,97.85256161993064
18.093257505005695,44482.09828331474,93.25229564912897
18.103258839228523,44471.966411777845,87.87492516503879
18.11326017345135,44475.37444931303,81.75893289030631
18.123261507674176,44465.0717842605,74.92726376052195
18.133262841897004,44451.99600205812,67.43663265095998
18.143264176119832,44448.257812522665,59.4116030985996
18.15326551034266,44441.47668466996,51.05839454239973
18.163266844565488,44428.26901668969,42.66073205623035
18.173268178788312,44421.14012732548,34.55621705616398
18.18326951301114,44413.24498678403,27.09243679980156
18.19327084723397,44402.38647027702,20.571049715289146
18.203272181456796,44402.46820642501,15.19345828333018
18.213273515679624,44386.13034448028,11.021837016087565
18.223274849902452,44393.66222808525,7.969665002283855
18.23327618412528,44400.63642951218,5.832711953834773
18.243277518348105,44389.01921030335,4.352372520421371
18.253278852570933,44389.96796943981,3.2777095268955505
18.26328018679376,44381.97150420194,2.3947680135403733
18.27328152101659,44390.696325903205,1.5225459976244735
18.283282855239417,44377.86398770545,0.4954343537819319
18.293284189462245,44376.753715342624,-0.8499664816786529
18.30328552368507,44388.144958191326,-2.6689303226060934
18.313286857907897,44383.046808665706,-5.074840772560765
18.323288192130725,44378.22972671047,-8.09260941144375
18.333289526353553,44375.280768790384,-11.634199460784952
18.34329086057638,44370.19498084245,-15.520259782020823
18.35329219479921,44361.169012943516,-19.54670901639109
18.363293529022037,44350.69019603458,-23.577093198034614
18.373294863244862,44351.81057357738,-27.626618926699592
18.38329619746769,44345.28905492021,-31.895144869371023
18.393297531690518,44354.38579078012,-36.72049423493427
18.403298865913346,44342.31161737979,-42.45929817009834
18.413300200136174,44336.79300796734,-49.336101279810414
18.423301534359,44329.76543150082,-57.308553087084405
18.433302868581826,44324.35122719923,-65.97991907280337
18.443304202804654,44318.793623249156,-74.576274996106
18.453305537027482,44301.30052533765,-82.00489656458757
18.46330687125031,44293.9128020975,-87.00222854590012
18.47330820547314,44291.22247937233,-88.35048548601097
18.483309539695966,44295.72812700148,-85.11146798080247
18.49331087391879,44298.66191984587,-76.82110044982629
18.50331220814162,44317.88099752211,-63.60409307787397
18.513313542364447,44328.62732378043,-46.185157712721605
18.523314876587275,44362.35062701444,-25.78789340837182
18.533316210810103,44387.81189015151,-3.933646755929766
18.543317545032927,44411.515466347424,17.816449914111157
18.553318879255755,44428.40231751716,38.10744030523083
18.563320213478583,44447.64373262793,55.95908278913833
18.57332154770141,44450.27116588862,70.82443910862956
18.58332288192424,44466.19579050318,82.546611127257
18.593324216147067,44474.950279279175,91.25189738673544
18.603325550369895,44475.52555892059,97.2259672834862
18.61332688459272,44488.978955718674,100.80737311934931
18.623328218815548,44487.03642941589,102.31470500008885
18.633329553038376,44485.926715351256,102.00785870064385
18.643330887261204,44478.937084873825,100.07562839838174
18.653332221484032,44490.20008574921,96.64733486119756
18.66333355570686,44480.11257252321,91.82920519494382
18.673334889929684,44471.76484816159,85.7508231403941
18.683336224152512,44464.25634687483,78.59574471186484
18.69333755837534,44455.895855659895,70.60512667004461
18.70333889259817,44453.94877916559,62.06277961006215
18.713340226820996,44433.556730373544,53.270359393339625
18.723341561043824,44424.20192632585,44.51591482716801
18.733342895266652,44430.603984208035,36.04680945023605
18.743344229489477,44417.72970575563,28.0613580136754
18.753345563712305,44405.49647540018,20.712201850565247
18.763346897935133,44390.93464461786,14.09948200455689
18.77334823215796,44399.79883211746,8.254180157216929
18.78334956638079,44393.05224790932,3.1357928108569832
18.793350900603613,44382.44982592821,-1.3467132863676994
18.80335223482644,44382.50621861941,-5.307849779231381
18.81335356904927,44376.12212977655,-8.866578922690465
18.823354903272097,44374.35314017551,-12.13207196393018
18.833356237494925,44375.14845343421,-15.18788667851787
18.843357571717753,44369.35623272818,-18.076922972768802
18.85335890594058,44364.20796426459,-20.79639693491625
18.863360240163406,44366.75892105685,-23.309429290877002
18.873361574386234,44358.33009910561,-25.570862792811063
18.88336290860906,44353.46124559264,-27.55895239685132
18.89336424283189,44361.34942655359,-29.3007754355583
18.903365577054718,44358.281917226486,-30.87925035883028
18.913366911277542,44357.111733161524,-32.42386379782273
18.92336824550037,44346.798389990654,-34.1030055611164
18.9333695797232,44349.89996503963,-36.12816798831033
18.943370913946026,44344.39583360353,-38.757645273461215
18.953372248168854,44342.46806831898,-42.27896535313128
18.963373582391682,44342.27680305589,-46.960736411713576
18.97337491661451,44334.72388551743,-52.98133931418298
18.983376250837335,44321.71266862838,-60.353023360157096
18.993377585060163,44320.521650527015,-68.85855528091192
19.00337891928299,44312.801874641926,-78.00776901485662
19.01338025350582,44298.62474931267,-87.02061504718351
19.023381587728647,44296.139656024054,-94.85074477581882
19.033382921951475,44295.8685214144,-100.26275924231291
19.0433842561743,44287.818789474506,-101.97184356776097
19.053385590397127,44275.95964641825,-98.85093942891152
19.063386924619955,44278.95500441629,-90.1840793297674
19.073388258842783,44298.84512551723,-75.89404936644823
19.08338959306561,44322.07364168495,-56.64892110332344
19.09339092728844,44350.08360108603,-33.79000124536741
19.103392261511267,44381.6572783221,-9.093355143686663
19.11339359573409,44424.175058615096,15.566414720782637
19.12339492995692,44429.31756431595,38.54808844064391
19.133396264179748,44437.920796192535,58.66799571486659
19.143397598402576,44462.24684908004,75.26594179059454
19.153398932625404,44464.37105267114,88.14217357854724
19.163400266848228,44480.15185336854,97.43323623073458
19.173401601071056,44484.45725636361,103.4807527254265
19.183402935293884,44491.199940157116,106.72072147454274
19.193404269516712,44489.29342764452,107.60086957084492
19.20340560373954,44483.37607806017,106.52276366546577
19.213406937962368,44486.978783186656,103.80861496631375
19.223408272185196,44487.61231284146,99.69912606847764
19.23340960640802,44476.58424349107,94.37930896672046
19.24341094063085,44471.651160650865,88.01137759155782
19.253412274853677,44460.267040171,80.7537618163069
19.263413609076505,44450.368269265855,72.76426185164935
19.273414943299333,44449.64678240153,64.20076893305239
19.28341627752216,44438.92076529386,55.23053499838243
19.293417611744985,44423.997853441455,46.043165122436974
19.303418945967813,44417.759381614065,36.853849119546105
19.31342028019064,44410.37922995991,27.893128683799667
19.32342161441347,44398.73099131362,19.3893443278604
19.333422948636297,44391.417357993,11.546467298154685
19.343424282859125,44378.52110745112,4.517676968961405
19.353425617081953,44378.70544160554,-1.6172678132483944
19.363426951304778,44375.45473348498,-6.8584737865899355
19.373428285527606,44366.80134752665,-11.274371921338709
19.383429619750434,44358.63310802833,-14.983905776799643
19.39343095397326,44361.28079704145,-18.140214869891416
19.40343228819609,44359.69058859847,-20.910098147014992
19.413433622418914,44357.93751402223,-23.446614560026642
19.423434956641742,44346.728730040224,-25.867968820907368
19.43343629086457,44346.62561926234,-28.255638360434208
19.443437625087398,44350.197114417955,-30.665904915396474
19.453438959310226,44342.59250117671,-33.140615219921706
19.463440293533054,44338.84022121859,-35.71536873302596
19.473441627755882,44334.848680402916,-38.43114391050739
19.483442961978707,44337.24984701473,-41.346531723243565
19.493444296201535,44325.777151470626,-44.541948004282865
19.503445630424363,44330.229107073974,-48.11325656327848
19.51344696464719,44323.161797189394,-52.158108890368275
19.52344829887002,44315.56521911515,-56.760584999854984
19.533449633092843,44312.81565241398,-61.980137854728206
19.54345096731567,44303.02356779554,-67.84573886168428
19.5534523015385,44292.69187670687,-74.34853699859873
19.563453635761327,44292.61904982529,-81.42179704264638
19.573454969984155,44286.200829650734,-88.89888707363619
19.583456304206983,44274.91224099608,-96.453997127372
19.59345763842981,44270.081631339766,-103.54627350972297
19.603458972652636,44273.97839573645,-109.39006292840907
19.613460306875464,44265.47441267184,-112.97227007227409
19.62346164109829,44260.70656139092,-113.14336075659375
19.63346297532112,44258.58005384678,-108.79948027242415
19.643464309543948,44257.163685907726,-99.13421229409006
19.653465643766776,44273.126700826346,-83.89226737770063
19.6634669779896,44293.392866220536,-63.534846614013915
19.673468312212428,44328.181867807034,-39.24268233014287
19.683469646435256,44367.20954492974,-12.73609826578728
19.693470980658084,44388.98897960864,14.03884552995299
19.703472314880912,44421.436207363055,39.25904553059795
19.71347364910374,44435.252810059974,61.50595616994538
19.723474983326568,44446.2540418814,79.91610641181687
19.733476317549393,44461.48882365356,94.18908360657416
19.74347765177222,44471.63164921262,104.48561249846792
19.75347898599505,44473.48131288301,111.26558157923752
19.763480320217877,44472.99221840258,115.10940417871667
19.773481654440705,44476.645313728084,116.56065965655746
19.78348298866353,44483.18537643348,116.02719956113235
19.793484322886357,44481.44500202072,113.76058712851568
19.803485657109185,44477.54775923013,109.89944349941742
19.813486991332013,44475.46972729095,104.53843812599273
19.82348832555484,44458.831324378334,97.78649235130318
19.83348965977767,44452.58184075723,89.79653272757821
19.843490994000497,44447.8526929783,80.77136320773737
19.85349232822332,44434.122915696265,70.96046965904682
19.86349366244615,44427.26004468342,60.653596137017296
19.873494996668978,44410.042341295935,50.16551360184938
19.883496330891806,44404.84200276518,39.80868412562597
19.893497665114634,44383.12079491613,29.860660981031746
19.903498999337458,44385.002685943524,20.541262036465298
19.913500333560286,44377.557843306015,12.014719637133586
19.923501667783114,44376.08013384716,4.415446267041403
19.933503002005942,44357.52553620303,-2.1303623036969035
19.94350433622877,44352.02512658157,-7.520576267744489
19.953505670451598,44342.43920316177,-11.734108441337018
19.963507004674426,44338.78930708631,-14.895573303214489
19.97350833889725,44341.7935640219,-17.30216327798216
19.98350967312008,44338.59718230341,-19.384132083961575
19.993511007342907,44350.012482817314,-21.60211778744261
20.003512341565735,44343.02858590155,-24.31776486617142
20.013513675788563,44329.681797680074,-27.69381091858306
20.02351501001139,44325.43754549785,-31.666638619397013
20.033516344234215,44327.19145404207,-35.99141905228026
20.043517678457043,44317.562623953236,-40.329178726131914
20.05351901267987,44307.93256569624,-44.3498383139627
20.0635203469027,44305.222097825026,-47.834430695613634
20.073521681125527,44306.17834985016,-50.751475893337755
20.083523015348355,44304.049563586064,-53.281049199987756
20.093524349571183,44304.513098243726,-55.78149031653805
20.103525683794008,44296.808116216045,-58.71757108506737
20.113527018016836,44291.53655040034,-62.573953587746885
20.123528352239664,44289.23573657713,-67.76583133334613
20.13352968646249,44280.48442102482,-74.54676553184756
20.14353102068532,44276.81562511985,-82.91512346284291
20.153532354908144,44269.65846062703,-92.53213377160996
20.163533689130972,44256.28306294681,-102.67588040499206
20.1735350233538,44247.05586348147,-112.25809765649879
20.183536357576628,44230.68457411236,-119.91775068937305
20.193537691799456,44240.276217868086,-124.18199763719372
20.203539026022284,44224.95074532942,-123.6699489405514
20.213540360245112,44238.44181708316,-117.31473149835337
20.22354169446794,44237.28257988266,-104.5779226362284
20.233543028690764,44258.46432572456,-85.61651197214321
20.243544362913592,44276.09036252698,-61.34875381358153
20.25354569713642,44325.23962895711,-33.3698351373862
20.26354703135925,44359.307962598024,-3.7055463116476943
20.273548365582073,44389.7483285028,25.541908642958656
20.2835496998049,44419.34094167341,52.54888029908319
20.29355103402773,44433.49324989919,76.02038063229517
20.303552368250557,44446.36256335269,95.27807986028938
20.313553702473385,44454.49803226667,110.19142770885887
20.323555036696213,44464.64640435395,121.00947974007074
20.33355637091904,44482.652648343355,128.17263895205025
20.34355770514187,44476.6361937289,132.1639881828965
20.353559039364693,44487.28733832625,133.41940390737946
20.36356037358752,44477.59370608844,132.28931392009684
20.37356170781035,44484.138642615515,129.0415652755784
20.383563042033177,44474.67313336176,123.89574960292614
20.393564376256005,44476.35101653282,117.0725568843941
20.40356571047883,44455.63959841287,108.83335638607234
20.413567044701658,44450.357205760185,99.48855545806954
20.423568378924486,44434.08672086378,89.37317831747495
20.433569713147314,44430.32706347746,78.80907556395745
20.443571047370142,44410.507277310375,68.07677854846585
20.45357238159297,44414.90189614143,57.408820657796575
20.463573715815798,44396.080610156765,47.00154547706886
20.473575050038622,44382.38244982442,37.02970557470678
20.48357638426145,44377.4259331591,27.64868424686488
20.49357771848428,44366.59015643043,18.985139845696537
20.503579052707106,44362.25284197557,11.125844314216726
20.513580386929934,44345.411900515865,4.1073226261151214
20.52358172115276,44342.405199175904,-2.093663458409274
20.533583055375587,44347.60072628892,-7.559898638954701
20.543584389598415,44327.85105239056,-12.41597846061485
20.553585723821243,44335.78653291494,-16.8009129203152
20.56358705804407,44325.21211942445,-20.84577525277913
20.5735883922669,44317.22440683737,-24.66356841025511
20.583589726489727,44318.04126878638,-28.349512969357473
20.593591060712555,44317.473069622545,-31.98358488336941
20.60359239493538,44304.674657997406,-35.629209545168834
20.613593729158207,44305.41000973681,-39.33046257469921
20.623595063381035,44311.24039870232,-43.11037981424097
20.633596397603863,44284.46092031553,-46.97121235953882
20.643597731826688,44300.72317844627,-50.90007626739659
20.653599066049516,44288.91991617486,-54.87829117658376
20.663600400272344,44287.648949775095,-58.88963978172068
20.673601734495172,44282.50847544409,-62.93407225960278
20.683603068718,44270.00559293761,-67.0575588863688
20.693604402940828,44263.07204990336,-71.39221035844407
20.703605737163656,44261.556136502026,-76.17820676452875
20.713607071386484,44266.40795642457,-81.73308883355116
20.72360840560931,44249.41398337496,-88.35853834483724
20.733609739832136,44246.58283042543,-96.21003838654595
20.743611074054964,44239.30579063372,-105.16520289345527
20.753612408277792,44234.96525404577,-114.717009394685
20.76361374250062,44220.152994496115,-123.91772572002432
20.773615076723445,44221.01317213408,-131.40512134925586
20.783616410946273,44205.864594186896,-135.53515055969802
20.7936177451691,44203.977589276365,-134.62387577546684
20.80361907939193,44201.5786569692,-127.27035852606949
20.813620413614757,44208.14550929286,-112.69496622333239
20.823621747837585,44228.76133545308,-90.99851936666427
20.833623082060413,44274.679574552385,-63.247480355361404
20.843624416283237,44307.48834846102,-31.335456004388597
20.853625750506065,44349.19547859908,2.3483911169888962
20.863627084728893,44387.4629887889,35.34518230086202
20.87362841895172,44411.70901880581,65.52744743539466
20.88362975317455,44430.69632219776,91.37886600797106
20.893631087397374,44448.247089832,112.10514078582668
20.903632421620202,44461.017486403536,127.58685502721818
20.91363375584303,44468.08002178275,138.22442002384426
20.923635090065858,44480.6259904651,144.7330556429317
20.933636424288686,44469.2103486666,147.93506273986833
20.943637758511514,44484.95969159143,148.5842691814541
20.953639092734342,44475.121183874304,147.24831608587948
20.96364042695717,44474.2919528907,144.2613523520317
20.973641761179994,44476.37844087933,139.74300532677273
20.983643095402822,44466.79051110399,133.66713046653015
20.99364442962565,44455.20674155811,125.95553580725121
21.00364576384848,44449.43972785343,116.57180407606496
21.013647098071303,44443.843004097325,105.60082582484566
21.02364843229413,44428.95793023534,93.30212770457014
21.03364976651696,44407.494326473396,80.1154322910487
21.043651100739787,44389.68799130632,66.60354688548315
21.053652434962615,44380.894502177514,53.349986752024556
21.063653769185443,44362.334119220795,40.854288585266175
21.07365510340827,44358.87260063213,29.462184636932662
21.0836564376311,44343.67134034708,19.3443751263037
21.093657771853923,44340.96338438671,10.51766185024344
21.10365910607675,44330.74808018591,2.8905979174417027
21.11366044029958,44319.596335251445,-3.68789195075354
21.123661774522407,44316.382267453504,-9.392175842908918
21.133663108745235,44311.42629059926,-14.398391885776416
21.14366444296806,44304.950431407204,-18.87377525522363
21.153665777190888,44298.71672799514,-22.97607168283314
21.163667111413716,44286.31049276383,-26.861203687639048
21.173668445636544,44299.01104941533,-30.68667075483608
21.183669779859372,44285.031688863164,-34.596180337063544
21.1936711140822,44286.167510987514,-38.689550833751085
21.203672448305028,44275.71828087682,-42.999520237584456
21.213673782527856,44274.46853046376,-47.49206978050082
21.22367511675068,44257.727789906116,-52.08986110685225
21.23367645097351,44265.55219609361,-56.70509920179344
21.243677785196336,44258.66637197132,-61.26443956057589
21.253679119419164,44251.67159549568,-65.72092813929758
21.26368045364199,44243.69216106869,-70.0649175839576
21.273681787864817,44244.58032318627,-74.34397139656863
21.283683122087645,44224.79314196441,-78.68592472922535
21.293684456310473,44229.48551203128,-83.30809749361632
21.3036857905333,44228.76726869851,-88.4925541431833
21.31368712475613,44217.215794086136,-94.51896563104772
21.323688458978957,44206.984571967405,-101.57106787983068
21.333689793201785,44203.113337606876,-109.6412388048083
21.34369112742461,44194.34762795481,-118.44497956560518
21.353692461647437,44185.22951061111,-127.35265363111743
21.363693795870265,44182.701602267094,-135.35663757224387
21.373695130093093,44177.14221306293,-141.100773160133
21.38369646431592,44166.37531444173,-142.99902096885245
21.393697798538746,44172.058897051465,-139.45725289119758
21.403699132761574,44162.031627899094,-129.18058703712387
21.4137004669844,44176.08229600543,-111.50640635805925
21.42370180120723,44197.242880064725,-86.6658558702393
21.433703135430058,44246.2193808176,-55.86787968514781
21.443704469652886,44288.180279494365,-21.147286852844655
21.453705803875714,44325.846683795135,14.98897696296187
21.46370713809854,44363.210047841,50.005820433963606
21.473708472321366,44394.971301487996,81.74738195676169
21.483709806544194,44412.860298801075,108.71462631140693
21.493711140767022,44428.96632105483,130.16912583848804
21.50371247498985,44443.26451581079,146.06971160808214
21.513713809212675,44444.67914435994,156.89026529718112
21.523715143435503,44456.67187674435,163.38570048641643
21.53371647765833,44459.249441033564,166.3687352482733
21.54371781188116,44451.23961237635,166.5402200308586
21.553719146103987,44457.38145429956,164.39362968152415
21.563720480326815,44451.52588972952,160.2010849486242
21.573721814549643,44455.830817503884,154.0741800268957
21.58372314877247,44438.372043044765,146.06823548787116
21.593724482995295,44426.44685134738,136.28260284840303
21.603725817218123,44419.75306115473,124.92247805937295
21.61372715144095,44399.687539534614,112.31440629571867
21.62372848566378,44383.10114202618,98.88238502680646
21.633729819886604,44371.605998735184,85.09708683242968
21.64373115410943,44355.23260456702,71.41753773741506
21.65373248833226,44346.09520698636,58.24300584485049
21.663733822555088,44323.20125229804,45.88062555985908
21.673735156777916,44321.6441218113,34.527232218991635
21.683736491000744,44301.65432567449,24.2664304139093
21.69373782522357,44297.44380866654,15.083111308414164
21.7037391594464,44290.24204068243,6.893413471535742
21.713740493669224,44281.573882613244,-0.4184937221723988
21.723741827892052,44269.33503597124,-6.971773345163459
21.73374316211488,44265.235611001466,-12.880770458993629
21.74374449633771,44252.46443071358,-18.264954649502062
21.753745830560536,44253.35840944729,-23.261361440734905
21.76374716478336,44245.09848772144,-28.023615613357258
21.77374849900619,44244.47614959437,-32.70259714591692
21.783749833229017,44242.692588981634,-37.41928675688971
21.793751167451845,44216.4212446731,-42.24992580653148
21.803752501674673,44227.216099960046,-47.233936467544815
21.8137538358975,44212.71745892579,-52.39013678603581
21.82375517012033,44214.92880519689,-57.717719026118786
21.833756504343153,44208.437983274365,-63.17829345588795
21.84375783856598,44202.8652437489,-68.6785006569307
21.85375917278881,44188.6239086102,-74.07817522561353
21.863760507011637,44183.329867586806,-79.23506183447947
21.873761841234465,44178.02816547938,-84.07212622436336
21.88376317545729,44168.666732968886,-88.63768546847123
21.893764509680118,44170.96189843504,-93.13293854623188
21.903765843902946,44150.151330112334,-97.89449824620299
21.913767178125774,44161.87802054923,-103.32746277797735
21.9237685123486,44148.49375151505,-109.78995131783576
21.93376984657143,44142.36911510753,-117.44449394556048
21.943771180794258,44137.19792463823,-126.10992704349492
21.953772515017086,44127.79573639457,-135.15295459466293
21.96377384923991,44120.0463696436,-143.45425738396435
21.973775183462738,44104.959783304956,-149.47707393490128
21.983776517685566,44103.65297170764,-151.44748695587492
21.993777851908394,44105.68109288785,-147.62585037959096
22.00377918613122,44107.781631828686,-136.6265060901829
22.013780520354047,44113.673598797825,-117.73230864613834
22.023781854576875,44144.64489246585,-91.13582486421454
22.033783188799703,44180.65410663702,-58.026987215493286
22.04378452302253,44228.41878676811,-20.47132547305946
22.05378585724536,44276.902595795626,18.910167236286238
22.063787191468187,44313.50361924288,57.37649026618759
22.073788525691015,44346.7453321501,92.4979551611265
22.08378985991384,44374.13874964317,122.47793469778325
22.093791194136667,44392.237449220214,146.3075787133785
22.103792528359495,44398.27701466472,163.74810897116672
22.113793862582323,44411.13744112137,175.17791654173416
22.12379519680515,44418.26322617606,181.3700172454362
22.133796531027976,44420.08818250689,183.26567047842622
22.143797865250804,44410.47494846645,181.78424283205013
22.15379919947363,44411.27955375449,177.68741442732403
22.16380053369646,44405.521710730616,171.5115960907545
22.173801867919288,44403.67702947468,163.57515595228836
22.183803202142116,44383.78996426475,154.04485086554504
22.193804536364944,44381.8432535397,143.0291662085361
22.20380587058777,44367.503694507526,130.6691033193925
22.213807204810596,44354.0551596866,117.20337025274708
22.223808539033424,44330.71966144113,102.98573134234579
22.233809873256252,44309.03119389268,88.44529301507076
22.24381120747908,44300.65137113938,74.01199318345107
22.253812541701905,44289.88267865025,60.050620565832475
22.263813875924733,44277.20750634243,46.83028304877549
22.27381521014756,44256.43130224535,34.51996330607971
22.28381654437039,44245.13223387539,23.187491650271973
22.293817878593217,44236.22788377599,12.797944940481209
22.303819212816045,44222.56171681409,3.2257528621564755
22.313820547038873,44218.95299307322,-5.708805364397926
22.3238218812617,44216.38825670896,-14.18407646037587
22.333823215484525,44197.90108840242,-22.324933485701962
22.343824549707353,44185.78560421495,-30.183730618960595
22.35382588393018,44177.114240526724,-37.765004428039006
22.36382721815301,44168.55927556607,-45.07090733089067
22.373828552375837,44164.9695941946,-52.13141366770415
22.38382988659866,44161.33755344952,-59.00073525927772
22.39383122082149,44150.533515786665,-65.7287337965368
22.403832555044318,44139.76590333172,-72.331705124116
22.413833889267146,44132.57249896096,-78.77955261856377
22.423835223489974,44133.15461596277,-84.99667439072847
22.4338365577128,44124.655248326846,-90.86864217353079
22.44383789193563,44112.43448590481,-96.2607172790634
22.453839226158454,44106.002132773705,-101.0594882141861
22.463840560381282,44101.597006834505,-105.23034734846256
22.47384189460411,44100.86001000123,-108.86514304396215
22.483843228826938,44090.49037139991,-112.19909282429651
22.493844563049766,44095.51904954019,-115.59265878786375
22.50384589727259,44077.45244859217,-119.48292899858463
22.51384723149542,44086.790737215044,-124.30884233015738
22.523848565718247,44068.53833650735,-130.41385496513027
22.533849899941075,44064.02579696975,-137.93277941279123
22.543851234163903,44060.83322581228,-146.67304063149246
22.55385256838673,44059.4867729145,-156.0062635768087
22.56385390260956,44038.5352325915,-164.80307770030223
22.573855236832387,44044.05127479658,-171.45829234577795
22.58385657105521,44031.564483906935,-174.0415181096709
22.59385790527804,44021.4898724116,-170.57745672580197
22.603859239500867,44029.510933319165,-159.42186627980948
22.613860573723695,44042.99435689164,-139.65389273876383
22.62386190794652,44065.55584003553,-111.3760624897336
22.633863242169348,44111.47092285522,-75.8231748763304
22.643864576392176,44163.28136599556,-35.22601984954089
22.653865910615004,44218.65816472729,7.552545675401296
22.66386724483783,44249.460553323246,49.51200753298267
22.67386857906066,44293.37422136654,88.00214416530362
22.683869913283488,44329.74824806359,121.0918851009149
22.693871247506316,44347.04523264834,147.7568802180618
22.70387258172914,44354.77881536346,167.86280779186802
22.713873915951968,44366.07036879843,181.96361561753162
22.723875250174796,44369.07118114026,190.98712687990337
22.733876584397624,44374.52304748955,195.91121305845695
22.743877918620452,44383.37444243492,197.52098567372616
22.753879252843277,44377.73419457407,196.29620300424918
22.763880587066105,44385.46103552032,192.43130172981245
22.773881921288933,44379.523963438674,185.95357956818702
22.78388325551176,44369.22311242368,176.88234272746988
22.79388458973459,44353.24295619208,165.3662603934431
22.803885923957417,44340.29608170169,151.75469648580443
22.813887258180245,44319.38307011095,136.59176986197858
22.82388859240307,44298.98738612842,120.54816343395687
22.833889926625897,44286.56977735905,104.32010632872404
22.843891260848725,44270.18919995756,88.52903373627682
22.853892595071553,44248.12369359666,73.64595631394621
22.86389392929438,44243.64766964151,59.95063639893945
22.873895263517205,44224.968109791735,47.528910877353646
22.883896597740033,44214.47353708668,36.306040316945726
22.89389793196286,44210.94582071572,26.106033398737996
22.90389926618569,44197.77065665927,16.720586875879498
22.913900600408518,44185.00030134085,7.965751708848002
22.923901934631346,44175.56013191402,-0.29276287946922214
22.933903268854174,44170.38981556999,-8.147289163901522
22.943904603077,44151.52422013011,-15.674754387786885
22.953905937299826,44151.54745876555,-22.96420717769306
22.963907271522654,44143.19306130988,-30.127637060585503
22.973908605745482,44139.362504560675,-37.283274169080606
22.98390993996831,44129.19217370191,-44.51883650487035
22.993911274191134,44124.54004700552,-51.856597480324325
23.003912608413962,44110.232912801,-59.24033789101731
23.01391394263679,44098.70968736636,-66.55080337127153
23.02391527685962,44104.105083676135,-73.63965033589753
23.033916611082446,44086.87726440287,-80.36590310829575
23.043917945305274,44084.28938383168,-86.63112317677617
23.053919279528102,44063.798155230295,-92.41811743028342
23.06392061375093,44072.014964472335,-97.82376770766164
23.073921947973755,44063.98441237797,-103.06143645112456
23.083923282196583,44059.51891816569,-108.42125551838666
23.09392461641941,44054.959015973254,-114.20496443705703
23.10392595064224,44044.7878111778,-120.66424466950336
23.113927284865067,44025.614462155165,-127.96080609661055
23.12392861908789,44017.465152851095,-136.1416750673646
23.13392995331072,44023.30835560294,-145.09814449547625
23.143931287533547,44010.35059433927,-154.48207354840466
23.153932621756375,44008.65496559952,-163.59780540673495
23.163933955979203,43994.829507706556,-171.32886326790072
23.17393529020203,43990.915533382286,-176.1580721636554
23.18393662442486,43993.014683950714,-176.3104253016681
23.193937958647687,43986.95308844838,-170.01820546555302
23.203939292870512,43978.73485080117,-155.87954539960253
23.21394062709334,44010.384813901896,-133.23728578995528
23.223941961316168,44035.34818802572,-102.45991359343799
23.233943295538996,44084.75457618051,-65.01258032208449
23.24394462976182,44135.955720313286,-23.27533925048939
23.25394596398465,44181.136774876046,19.847708416471264
23.263947298207476,44228.94458422519,61.42278602046796
23.273948632430304,44265.01076760466,98.95792635282021
23.283949966653132,44291.56166898074,130.7428547100059
23.29395130087596,44310.67153427525,155.9909529262188
23.30395263509879,44319.3776659315,174.7723655078959
23.313953969321616,44330.81617437466,187.782861358212
23.32395530354444,44333.20319473825,196.0306482318238
23.33395663776727,44338.92310281739,200.53180468037877
23.343957971990097,44347.78822406224,202.08676199918264
23.353959306212925,44343.05506227631,201.17411619956852
23.363960640435753,44341.30151732546,197.95815222259165
23.373961974658577,44334.50999647154,192.3828364780552
23.383963308881405,44340.80684337454,184.32065528464435
23.393964643104233,44325.996885212655,173.7369748322205
23.40396597732706,44301.76965915697,160.81405572541698
23.41396731154989,44284.80337510466,145.9862658388007
23.423968645772717,44268.23159001699,129.8837655526056
23.433969979995545,44249.221501012435,113.22502737025079
23.44397131421837,44235.78605583931,96.70264315337039
23.453972648441198,44214.10779139577,80.88697161213484
23.463973982664026,44194.53853338921,66.15816651102489
23.473975316886854,44190.345900139255,52.677452374386625
23.483976651109682,44178.03997555981,40.40840250035689
23.493977985332506,44162.96634443673,29.181567306336987
23.503979319555334,44154.95296276053,18.774346614512954
23.513980653778162,44140.91255698816,8.977565899199236
23.52398198800099,44133.84932735391,-0.36507061920322625
23.53398332222382,44119.48593238723,-9.347975281110815
23.543984656446646,44103.3340659055,-18.021719260467084
23.553985990669474,44101.193475809756,-26.423040236422544
23.563987324892302,44092.93131533848,-34.59236337506993
23.573988659115127,44091.498657639735,-42.56535443735609
23.583989993337955,44071.26331747694,-50.352374165214414
23.593991327560783,44066.225010866954,-57.93232740920293
23.60399266178361,44052.216650117385,-65.26964019444884
23.613993996006435,44049.02235872629,-72.33721407534256
23.623995330229263,44049.390074733084,-79.12330900087403
23.63399666445209,44032.34198859876,-85.61978426112053
23.64399799867492,44029.76156891336,-91.81023213721545
23.653999332897747,44021.568603019914,-97.67601631872563
23.664000667120575,44010.04799126917,-103.22172040541872
23.674002001343403,44011.41570148329,-108.5100540513166
23.68400333556623,43988.28136964807,-113.69287002072966
23.694004669789056,43994.838074213454,-119.02072954684502
23.704006004011884,43992.555449464446,-124.81100476329826
23.714007338234712,43981.4393814929,-131.36939331595127
23.72400867245754,43962.57027053639,-138.88672648999864
23.734010006680368,43961.79541262472,-147.33578767470627
23.744011340903192,43961.42880869946,-156.3703977690271
23.75401267512602,43951.75716196507,-165.23044654838634
23.76401400934885,43943.549306444416,-172.69157607119124
23.774015343571676,43936.03770763336,-177.11695098397385
23.784016677794504,43931.79035126908,-176.64478070036054
23.794018012017332,43926.65912548974,-169.50159956130312
23.80401934624016,43923.36181236072,-154.38622956715594
23.814020680462985,43957.828506931844,-130.82467677585484
23.824022014685813,43998.09113741835,-99.37701543998263
23.83402334890864,44031.04146305711,-61.620630425057136
23.84402468313147,44083.611241669336,-19.91937606154848
23.854026017354297,44126.754589798256,22.949933487144353
23.86402735157712,44165.899244708715,64.2243631670314
23.87402868579995,44208.950284877166,101.54939743873655
23.884030020022777,44235.743174617906,133.2700193388063
23.894031354245605,44255.77996409267,158.56961742484242
23.904032688468433,44266.53437957589,177.4377418968737
23.91403402269126,44279.76785750132,190.4870214215208
23.92403535691409,44275.559033239595,198.6757628640698
23.934036691136917,44280.001591947286,203.01067352189455
23.944038025359742,44280.85350971306,204.3057686621466
23.95403935958257,44294.36690463806,203.05766639005563
23.964040693805398,44281.2489099517,199.45518562112687
23.974042028028226,44279.484472829885,193.49019718987273
23.98404336225105,44278.849804700956,185.11286122529165
23.99404469647388,44257.04008540646,174.3785994664926
24.004046030696706,44249.89670233601,161.5432465483319
24.014047364919534,44224.381765882936,147.0774997358126
24.024048699142362,44202.66370647759,131.59980855707514
24.03405003336519,44187.08004938982,115.75840493999053
24.04405136758802,44172.18817845866,100.11307317393681
24.054052701810846,44159.25308846502,85.06169030200738
24.06405403603367,44147.38932340329,70.82684989586475
24.0740553702565,44135.098192635465,57.485817069760934
24.084056704479327,44109.08293113269,45.0120309250593
24.094058038702155,44100.64512368897,33.30636617837647
24.104059372924983,44096.41320158564,22.222248146998528
24.114060707147807,44079.72771405999,11.598710951098298
24.124062041370635,44060.11933054503,1.2990196006092505
24.134063375593463,44067.82643188176,-8.757391425646551
24.14406470981629,44046.7344435004,-18.574949683227665
24.15406604403912,44033.57731384357,-28.08196047319519
24.164067378261947,44019.87986102037,-37.162345099385774
24.174068712484775,44013.180307889605,-45.71043044764555
24.184070046707603,44005.6269078702,-53.678699161095096
24.194071380930428,43997.90647910445,-61.09583439697145
24.204072715153256,43987.17807296101,-68.05459357969572
24.214074049376084,43987.24330384502,-74.68103106234484
24.224075383598908,43974.183640695366,-81.09800176527646
24.234076717821736,43968.982832676564,-87.39672899148778
24.244078052044564,43959.22971767171,-93.62812214279118
24.254079386267392,43953.545190326724,-99.8162430751975
24.26408072049022,43943.734191673735,-105.98752809041802
24.27408205471305,43935.390296236525,-112.2061903597609
24.284083388935876,43923.04208848153,-118.60312626390689
24.294084723158704,43925.48150024875,-125.38076004494954
24.304086057381532,43907.83340345522,-132.77856470950917
24.31408739160436,43902.88871854327,-140.99688617454868
24.324088725827185,43896.406465616776,-150.08796930489302
24.334090060050013,43892.26340227287,-159.8297850226319
24.34409139427284,43872.94264267318,-169.6114887063657
24.354092728495665,43881.183432172955,-178.37218247345965
24.364094062718493,43858.15802188614,-184.63271310091406
24.37409539694132,43856.92591370906,-186.64608093312532
24.38409673116415,43853.040446346095,-182.6651143734343
24.394098065386977,43851.73156240493,-171.28544997604394
24.404099399609805,43867.104335560325,-151.7838147835269
24.414100733832633,43908.72699405619,-124.35408041137966
24.42410206805546,43931.84777395639,-90.16236366868715
24.43410340227829,43988.945191785235,-51.19835338807899
24.444104736501114,44031.28356316842,-9.96166670157112
24.45410607072394,44072.392727996805,30.935938089118128
24.46410740494677,44112.38023522079,69.15296291452651
24.474108739169594,44130.61739671202,102.89844762761581
24.484110073392422,44164.23383694451,131.06728354263575
24.49411140761525,44183.65260251597,153.23753935249886
24.504112741838078,44195.49239952937,169.5633723226543
24.514114076060906,44202.054142140056,180.59829037608085
24.524115410283734,44202.54520048378,187.08452880312888
24.534116744506562,44206.28039018025,189.75627705555885
24.54411807872939,44209.14227340497,189.20898926604846
24.55411941295222,44215.993883171395,185.86610405424787
24.564120747175043,44206.30650494547,180.03174260105223
24.57412208139787,44199.446053275424,171.97873963968294
24.5841234156207,44176.13871168465,162.0154152567836
24.594124749843527,44169.956611751615,150.50574526916063
24.60412608406635,44160.185854230134,137.85566143711426
24.61412741828918,44142.829854321804,124.48793001500957
24.624128752512007,44123.88438390557,110.8114330800023
24.634130086734835,44111.636087403545,97.18266240167804
24.644131420957663,44100.7509646323,83.86862300247726
24.65413275518049,44080.94182229078,71.02583009948346
24.66413408940332,44070.766686955605,58.70152421558303
24.674135423626147,44066.78903902386,46.85662827804026
24.684136757848975,44044.51487493704,35.40471770057396
24.6941380920718,44032.10597157892,24.252901379677095
24.704139426294628,44031.451958309124,13.333539110122546
24.714140760517456,44011.81120512209,2.6261135243659757
24.72414209474028,43999.74258843901,-7.834224941360037
24.734143428963108,43992.05698354305,-17.969027002594398
24.744144763185936,43978.344110557686,-27.686992471430674
24.754146097408764,43965.12621587416,-36.92024814320823
24.764147431631592,43959.46343662075,-45.65320852665978
24.77414876585442,43954.083277195394,-53.93115188327833
24.784150100077248,43944.92055745754,-61.844204723001305
24.794151434300076,43926.022320265874,-69.4977510273289
24.804152768522904,43935.554206149136,-76.98175091688118
24.81415410274573,43922.36892475147,-84.34254375992678
24.824155436968557,43909.475435498636,-91.56637241356064
24.834156771191385,43903.49955107182,-98.59339898489267
24.84415810541421,43894.4853804423,-105.36714131024756
24.854159439637037,43883.88486901813,-111.90164726777755
24.864160773859865,43873.32054667373,-118.34070259967376
24.874162108082693,43869.17472899435,-124.98223668355602
24.88416344230552,43870.53456189844,-132.24377171922666
24.89416477652835,43849.529983061206,-140.5637575011439
24.904166110751177,43850.406238795986,-150.25925301705047
24.914167444974005,43837.78507349691,-161.3696489489528
24.924168779196833,43825.6651937422,-173.51454435580663
24.93417011341966,43819.945650354166,-185.7978539994868
24.944171447642486,43802.51476064668,-196.79380278776821
24.954172781865314,43803.02295563004,-204.6448419182923
24.96417411608814,43782.06745157106,-207.2872035276538
24.974175450310966,43779.81316997611,-202.79164121565887
24.984176784533794,43785.13707122252,-189.7603106095074
24.994178118756622,43803.39078056618,-167.67458557923683
25.00417945297945,43845.08815695524,-137.07843269189158
25.014180787202278,43897.48660909362,-99.52568285993505
25.024182121425106,43942.56579135121,-57.30393361894597
25.034183455647934,43982.16214355924,-13.030964533741823
25.044184789870762,44032.62504765584,30.749967875550816
25.05418612409359,44065.77714773714,71.87912472516318
25.064187458316415,44089.66586034424,108.74686948634339
25.074188792539243,44118.3660590459,140.32056814225365
25.08419012676207,44154.85126101007,166.08069619214066
25.094191460984895,44170.04786472635,185.9298223884623
25.104192795207723,44186.93387359937,200.10666655320745
25.11419412943055,44192.22494391184,209.10007881848466
25.12419546365338,44194.02573665928,213.552066857933
25.134196797876207,44193.8191335268,214.1546948780521
25.144198132099035,44189.261723886535,211.55952093102474
25.154199466321863,44190.45425217771,206.32036744045507
25.16420080054469,44177.28024253558,198.87921104302575
25.17420213476752,44175.086903790885,189.58786717294666
25.184203468990344,44158.53178817307,178.74669609650587
25.19420480321317,44146.24177650141,166.6405572644876
25.204206137436,44133.417234813634,153.55945488627603
25.214207471658824,44122.234750183015,139.80059237564194
25.224208805881652,44096.78925807933,125.65223560630358
25.23421014010448,44085.5663061572,111.3626863153823
25.244211474327308,44069.84186407662,97.10924170687092
25.254212808550136,44058.33647856748,82.99017242117333
25.264214142772964,44048.537003597456,69.05085359171937
25.274215476995792,44033.0095012715,55.33136675533275
25.28421681121862,44014.79754356581,41.90748752459978
25.294218145441448,44003.055661665334,28.90176531312092
25.304219479664276,43986.376280492696,16.461277220630247
25.3142208138871,43971.3963268714,4.716275700119252
25.32422214810993,43964.34610536304,-6.259207366726363
25.334223482332757,43953.85631898097,-16.466029094471256
25.34422481655558,43943.72049098993,-25.971098321099255
25.35422615077841,43937.593578733824,-34.880054721322246
25.364227485001237,43925.06839489286,-43.30829597396898
25.374228819224065,43913.56011966801,-51.36433924427906
25.384230153446893,43907.38975768564,-59.148950701985946
25.39423148766972,43898.35565154234,-66.76143288298887
25.40423282189255,43896.70204697039,-74.30292590649778
25.414234156115377,43879.425186441826,-81.87765938937805
25.424235490338205,43877.230344872834,-89.6017137383807
25.43423682456103,43856.44879180707,-97.6226244941107
25.444238158783858,43858.67446799183,-106.1381464707693
25.454239493006686,43844.101832670814,-115.39527343538269
25.46424082722951,43829.068711476706,-125.65871486955074
25.474242161452338,43831.310174616476,-137.15084833976482
25.484243495675166,43802.10517814176,-149.972825359751
25.494244829897994,43789.52726891872,-164.01990212317045
25.504246164120822,43781.25945958204,-178.89852226480417
25.51424749834365,43769.28972143269,-193.84509659405575
25.524248832566478,43764.53983941125,-207.66230671053978
25.534250166789306,43745.78301286364,-218.72172212322806
25.544251501012134,43730.454128749414,-225.09040409140775
25.55425283523496,43724.19426382992,-224.80205461042243
25.564254169457787,43720.19805321268,-216.2288234114216
25.574255503680615,43736.25148753075,-198.45607970560926
25.584256837903443,43767.31745010009,-171.54519309979617
25.594258172126267,43806.89528832875,-136.59526898177035
25.604259506349095,43861.309429716195,-95.57700271560742
25.614260840571923,43909.419524696095,-50.9872545340443
25.62426217479475,43955.32109730133,-5.430751088347075
25.63426350901758,43991.37844222241,38.7490308993665
25.644264843240407,44024.37151651899,79.70233041986279
25.654266177463235,44056.007620775345,116.14732686725026
25.664267511686063,44084.34485384691,147.32461075185986
25.67426884590889,44113.92291178808,172.89644992106835
25.684270180131715,44132.83782288829,192.844123919658
25.694271514354543,44154.128818123194,207.38484514449038
25.70427284857737,44150.423601021095,216.90071192642776
25.714274182800196,44153.84702003671,221.86539124863646
25.724275517023024,44155.60156627907,222.7738936866763
25.734276851245852,44162.73472973561,220.10088596766025
25.74427818546868,44147.960903579435,214.30134500176624
25.754279519691508,44145.27586686049,205.83518504040427
25.764280853914336,44126.84297456733,195.18408900820475
25.774282188137164,44112.596380804076,182.84277211483126
25.784283522359992,44096.16625500681,169.28830917592614
25.79428485658282,44083.99665801214,154.9458311535517
25.804286190805644,44071.08806784988,140.16934308239502
25.814287525028472,44048.593935353754,125.2422696807582
25.8242888592513,44042.409791437116,110.38844992014695
25.834290193474125,44012.63951998497,95.7830520515001
25.844291527696953,44010.05409107843,81.5599346269732
25.85429286191978,43991.968689325906,67.81733598858338
25.86429419614261,43968.43568780356,54.62195530852492
25.874295530365437,43963.67335735884,42.00984562045857
25.884296864588265,43950.87276850964,29.989229302396602
25.894298198811093,43934.539177053666,18.551169628223573
25.90429953303392,43925.32734531426,7.6822396879785275
25.91430086725675,43914.94961659094,-2.6316078060349155
25.924302201479577,43892.442932257916,-12.413704009176255
25.9343035357024,43893.014854641966,-21.712240797248594
25.94430486992523,43877.53589576627,-30.60890329426297
25.954306204148057,43875.75248838986,-39.20931058741668
25.964307538370882,43859.9277556312,-47.620654352265134
25.97430887259371,43852.46588079159,-55.93394549803099
25.984310206816538,43839.16684444209,-64.22305433096285
25.994311541039366,43835.573209587754,-72.55957747650663
26.004312875262194,43818.34284537237,-81.03602094933979
26.014314209485022,43811.30399862902,-89.79111238797925
26.02431554370785,43799.12399102402,-99.03051311974713
26.034316877930678,43790.212855454585,-109.03320755210642
26.044318212153506,43770.3414614191,-120.13580942609697
26.05431954637633,43757.35427669297,-132.6893529474169
26.06432088059916,43745.81497027315,-146.97894661149914
26.074322214821986,43732.52130163953,-163.09824779672698
26.08432354904481,43717.83018355695,-180.79186211274785
26.09432488326764,43701.48370508432,-199.30833630695938
26.104326217490467,43674.14775886218,-217.32108769043904
26.114327551713295,43668.874301853226,-232.96418293328603
26.124328885936123,43646.00735720739,-244.00433187821625
26.13433022015895,43629.16178367197,-248.14412987596043
26.14433155438178,43626.21926280947,-243.4181755566941
26.154332888604607,43633.916318976044,-228.59685122691346
26.164334222827435,43661.67387432835,-203.4812752810014
26.17433555705026,43712.22467638057,-168.99159690086137
26.184336891273087,43751.59589560377,-127.01864890293848
26.194338225495915,43805.96113348416,-80.09180994970545
26.20433955971874,43848.95677564174,-30.966936018347262
26.214340893941568,43905.7150380754,17.76164028366094
26.224342228164396,43942.81390726114,63.94772105452808
26.234343562387224,43978.15010159294,106.03066624119364
26.244344896610052,43995.993855515226,143.0141212017981
26.25434623083288,44029.16691561025,174.3317746682396
26.264347565055708,44061.19620678839,199.69191854562354
26.274348899278536,44087.02288481252,218.98515617719218
26.284350233501364,44105.10015901979,232.27523552327506
26.294351567724192,44092.8448917536,239.82676525203127
26.304352901947016,44101.25001389403,242.11293843820135
26.314354236169844,44104.10620062296,239.78642558294882
26.324355570392672,44084.86102012361,233.62819076574482
26.334356904615497,44079.5609374311,224.48450810601474
26.344358238838325,44065.18636439315,213.19537713935424
26.354359573061153,44051.40731461175,200.52480890956966
26.36436090728398,44036.87880416457,187.1047837625481
26.37436224150681,44016.12382919065,173.39824488013954
26.384363575729637,44005.46521491081,159.68643858820818
26.394364909952465,43995.393913061096,146.0885912688902
26.404366244175293,43975.464726898,132.6135986866616
26.41436757839812,43965.20052385944,119.22714998215211
26.424368912620945,43948.45598549984,105.91150346463458
26.434370246843773,43935.73717970553,92.70162364713498
26.4443715810666,43916.71190072905,79.68864329690739
26.454372915289426,43899.68465125286,66.98938953398566
26.464374249512254,43884.40885175684,54.694954977357355
26.474375583735082,43878.68256059032,42.82441414200449
26.48437691795791,43866.72292193428,31.305268990999473
26.494378252180738,43843.91885015126,19.980097265151702
26.504379586403566,43837.89015431503,8.625577677663326
26.514380920626394,43823.03389671865,-3.019614787542677
26.524382254849222,43812.891051482075,-15.211138050315256
26.53438358907205,43797.115959634604,-28.14136405398321
26.544384923294874,43789.74535647484,-41.88379806667952
26.554386257517702,43769.64403756319,-56.36250701979008
26.56438759174053,43738.41631247457,-71.36787547220145
26.57438892596336,43735.6980079098,-86.62049244954646
26.584390260186183,43710.181014517744,-101.8548398619848
26.59439159440901,43702.535369303536,-116.88703716512109
26.60439292863184,43679.40485931666,-131.65165795845925
26.614394262854667,43665.48606341828,-146.21029007235944
26.624395597077495,43649.72571236472,-160.73453612265007
26.634396931300323,43633.948511446746,-175.46145806936656
26.64439826552315,43616.96972449984,-190.62140775888756
26.65439959974598,43597.463325868746,-206.34366486588394
26.664400933968807,43583.52253802096,-222.54661177693106
26.67440226819163,43566.985179081574,-238.81879861248945
26.68440360241446,43560.059367254435,-254.30495846573527
26.694404936637287,43551.489432856724,-267.6303775273722
26.70440627086011,43535.62047947958,-276.9188816554045
26.71440760508294,43528.443609359194,-279.96211234585843
26.724408939305768,43523.50084044491,-274.56311104012593
26.734410273528596,43515.67880827367,-259.01446062026
26.744411607751424,43528.998642120074,-232.60171568791688
26.754412941974252,43564.90920204921,-195.96514854430774
26.76441427619708,43639.23095108386,-151.14559539625762
26.774415610419908,43719.19298104634,-101.23160332222935
26.784416944642736,43770.41761998633,-49.700993847268784
26.79441827886556,43813.37560638807,0.2982401265901706
26.80441961308839,43848.89279283902,46.46879846972748
26.814420947311216,43871.4313521356,87.54829357432453
26.82442228153404,43898.93879019445,123.17188756186418
26.83442361575687,43923.89455554305,153.53396938515232
26.844424949979697,43947.71746613442,179.00628062739705
26.854426284202525,43975.97875175935,199.8468007197853
26.864427618425353,43991.56595434315,216.07452594443936
26.87442895264818,44019.08537678778,227.51754018566587
26.88443028687101,44024.63943730451,233.98296835260817
26.894431621093837,44023.67983303646,235.4585678843483
26.904432955316665,44012.640927432374,232.2527191013265
26.914434289539493,44002.737575434396,225.01938620447257
26.924435623762317,43982.09174507547,214.67288348436466
26.934436957985145,43978.70468724097,202.23855578877016
26.944438292207973,43957.211868212755,188.69467299921735
26.954439626430798,43941.92620707595,174.84512693196217
26.964440960653626,43930.091817186,161.24358125269615
26.974442294876454,43928.08571443967,148.17870640432602
26.98444362909928,43900.55728579687,135.71352593245382
26.99444496332211,43896.35051380595,123.75155718297471
27.004446297544938,43881.681435227016,112.10261339156443
27.014447631767766,43867.16619548526,100.53706650875476
27.024448965990594,43852.81187472266,88.82605616945166
27.03445030021342,43848.872234830895,76.76804966916528
27.044451634436246,43824.47730477463,64.20360423388624
27.054452968659074,43815.487233541506,51.016904266463925
27.064454302881902,43801.84508708845,37.123421832132735
27.074455637104727,43775.90766187703,22.45019414872251
27.084456971327555,43763.75345489292,6.921221834015518
27.094458305550383,43755.401742199865,-9.5345880329126
27.10445963977321,43739.76975707896,-26.94291808616192
27.11446097399604,43712.213019185205,-45.2296459409567
27.124462308218867,43689.65590927294,-64.18893204567678
27.134463642441695,43672.43564980457,-83.48801153917343
27.144464976664523,43663.876831896865,-102.6918839596403
27.15446631088735,43635.7713692731,-121.29538529062916
27.164467645110175,43613.93134326637,-138.77620003093915
27.174468979333003,43594.51493911489,-154.6821861542689
27.18447031355583,43582.47341413849,-168.73488440023027
27.194471647778656,43564.37799360987,-180.90918617350053
27.204472982001484,43561.54174758164,-191.45657722723632
27.21447431622431,43557.7943175426,-200.86191495854797
27.22447565044714,43532.45077250257,-209.7489960937316
27.234476984669968,43516.88780940281,-218.76066124260714
27.244478318892796,43521.922443665535,-228.41615683065123
27.254479653115624,43522.39974328246,-238.92613171240197
27.26448098733845,43508.32257679264,-249.97872937557108
27.27448232156128,43496.06980262707,-260.57147587348203
27.284483655784108,43490.23978779268,-268.977090775322
27.294484990006932,43487.51358731076,-272.8913651538652
27.30448632422976,43479.016930394195,-269.7692200605602
27.314487658452588,43477.753821415026,-257.3233203691842
27.324488992675413,43478.82504696935,-234.1099340810535
27.33449032689824,43491.93488380948,-200.05427493366724
27.34449166112107,43554.174740143804,-156.7098566585997
27.354492995343897,43661.12338660881,-107.07065687899906
27.364494329566725,43722.16835156665,-54.91716128091032
27.374495663789553,43775.51442203336,-3.9166574642420993
27.38449699801238,43804.09577036163,43.17013374009436
27.39449833223521,43837.42383462959,84.90364998179132
27.404499666458037,43849.28641686203,121.12576933956629
27.41450100068086,43878.79242129929,152.56125779065368
27.42450233490369,43887.79923390725,180.24721058694618
27.434503669126517,43927.147752971665,204.9966641943683
27.44450500334934,43953.06677829137,227.0626509672628
27.45450633757217,43993.30974065894,246.08030885939934
27.464507671794998,44000.32047347712,261.2546607857784
27.474509006017826,44018.51978853949,271.6818394956071
27.484510340240654,44023.5947025673,276.6773518199099
27.49451167446348,44021.183119657646,276.01694586324925
27.50451300868631,44002.86229760458,270.0351764598355
27.514514342909138,43986.65844854229,259.56928282834014
27.524515677131966,43980.62470201672,245.78572123660567
27.53451701135479,43952.7368962583,229.9572747080304
27.544518345577618,43938.78544579814,213.25225928369173
27.554519679800446,43925.73854279436,196.57750954511638
27.564521014023274,43908.031928276054,180.50110020566785
27.5745223482461,43900.71965676039,165.25913973086222
27.584523682468927,43880.67962836045,150.82505243028436
27.594525016691755,43873.1557002507,137.00508393854074
27.604526350914583,43849.45249211023,123.52510312906085
27.61452768513741,43837.214237451095,110.0879590450235
27.62452901936024,43822.65237223457,96.4017053640761
27.634530353583067,43807.00899189939,82.19427265095868
27.644531687805895,43793.08157491174,67.23012189560512
27.654533022028723,43779.60214668578,51.334429234192505
27.664534356251547,43760.1668600268,34.41985450246385
27.674535690474375,43742.209871107334,16.504022433278948
27.684537024697203,43716.142500477596,-2.29221983579594
27.694538358920028,43702.17452726389,-21.763291374887785
27.704539693142856,43678.827985743286,-41.63996525018483
27.714541027365684,43667.81361408802,-61.60175489660303
27.72454236158851,43633.91762615066,-81.28449499089785
27.73454369581134,43623.97296734938,-100.29569356104238
27.744545030034168,43605.58639142646,-118.24315660215397
27.754546364256996,43580.30881396696,-134.77472569853686
27.764547698479824,43571.24664602541,-149.62708690746723
27.77454903270265,43555.6865210517,-162.67816097682447
27.784550366925476,43538.4969472833,-173.9917843154981
27.794551701148304,43525.3393039623,-183.8418541760374
27.804553035371132,43521.819549405554,-192.69805111296915
27.814554369593957,43514.237792248976,-201.15310434514709
27.824555703816785,43506.20786525475,-209.7896089012331
27.834557038039613,43494.18406328915,-219.01105965684815
27.84455837226244,43480.96785343429,-228.8705168662773
27.85455970648527,43485.61822466364,-238.920806780942
27.864561040708097,43472.50244665693,-248.10765106453715
27.874562374930925,43472.65767642753,-254.7442607922386
27.884563709153753,43473.38987652839,-256.62196177222177
27.89456504337658,43465.72555078589,-251.30299527324783
27.90456637759941,43467.125186630314,-236.60443611229996
27.914567711822233,43454.9375095721,-211.2119767403213
27.92456904604506,43466.49982126879,-175.2600727613117
27.93457038026789,43544.810442490045,-130.62329853799665
27.944571714490714,43660.305899410705,-80.68488897931066
27.95457304871354,43719.06770263073,-29.562656780141115
27.96457438293637,43769.218078525395,18.92419163397468
27.974575717159198,43789.17697297271,62.119857402322076
27.984577051382026,43804.72330228433,98.9222149027255
27.994578385604854,43816.460228676806,129.6440777499196
28.00457971982768,43843.69984555732,155.49707613494783
28.01458105405051,43850.0575441839,177.9363600802289
28.024582388273338,43879.66609904885,198.08665458203865
28.034583722496162,43903.97419850812,216.40107600525369
28.04458505671899,43944.776394646025,232.61550541301963
28.054586390941818,43955.636849172006,245.95769887364207
28.064587725164643,43953.131256515255,255.48406883255853
28.07458905938747,43970.1153667718,260.403527558747
28.0845903936103,43957.3617429762,260.3035239387297
28.094591727833127,43948.41874155189,255.25345031663434
28.104593062055955,43946.688720612576,245.79248065503253
28.114594396278783,43923.153898702934,232.82493673659204
28.12459573050161,43898.76310920558,217.4524690920877
28.13459706472444,43887.295069860374,200.77930257376835
28.144598398947267,43878.783185551445,183.7386196507809
28.15459973317009,43843.634382866774,166.97816251870478
28.16460106739292,43837.105754835946,150.81388034866387
28.174602401615747,43829.67209826421,135.2483778767638
28.18460373583857,43804.82344460323,120.04729612239184
28.1946050700614,43794.899119220616,104.8475045133794
28.204606404284227,43772.266736761296,89.2604652797047
28.214607738507056,43757.12048649916,72.95000411798867
28.224609072729884,43736.391235065086,55.683268587553265
28.23461040695271,43720.8558843339,37.36151489696562
28.24461174117554,43702.21360390032,18.035565744142236
28.254613075398368,43675.51148031706,-2.0970019674359497
28.264614409621196,43654.7373135015,-22.719287918673643
28.274615743844024,43629.7693317468,-43.44358287241547
28.284617078066848,43612.79246911746,-63.86356114709373
28.294618412289676,43592.726967317896,-83.59157904544642
28.304619746512504,43574.2472193889,-102.2759353080723
28.31462108073533,43551.17282512598,-119.60717991586678
28.324622414958156,43534.979495525105,-135.32343055184106
28.334623749180984,43529.27020136557,-149.21459228828897
28.344625083403812,43510.27007527464,-161.12348324719161
28.35462641762664,43499.50678286179,-170.9535924833098
28.36462775184947,43488.86485582739,-178.69688829171085
28.374629086072297,43482.337602447595,-184.4802147176805
28.384630420295125,43472.55441403028,-188.61339799795198
28.394631754517953,43466.02565955652,-191.61687927249554
28.404633088740777,43462.061860754955,-194.2036102009522
28.414634422963605,43458.479871529635,-197.18869221434133
28.424635757186433,43470.55244405493,-201.31295128231827
28.434637091409257,43459.18920268678,-207.00099700166894
28.444638425632085,43451.027009588346,-214.11550400533125
28.454639759854913,43446.739503941775,-221.7836830993809
28.46464109407774,43443.83069056564,-228.35116674379717
28.47464242830057,43441.36829831207,-231.49574095365267
28.484643762523397,43436.36560017973,-228.52492305592756
28.494645096746225,43434.351199709,-216.86159085859683
28.504646430969053,43434.72684449374,-194.66777165225412
28.51464776519188,43451.56783130873,-161.47812688246796
28.524649099414706,43455.46625657831,-118.63999797602007
28.534650433637534,43577.54456023803,-69.32406153538612
28.544651767860362,43683.66530528994,-17.95420059895716
28.55465310208319,43722.25773568006,30.83867822618419
28.564654436306014,43763.50637864525,73.34963021526255
28.574655770528842,43777.32470115711,107.57546859503957
28.58465710475167,43763.99818984946,133.39677465670297
28.5946584389745,43779.15806273921,152.20197212994086
28.604659773197326,43785.191919621524,166.17596514675375
28.614661107420154,43798.70334111966,177.53285924983174
28.624662441642982,43809.09078974719,187.9143243728585
28.63466377586581,43829.65472475685,198.07047627331048
28.64466511008864,43852.20729668516,207.8454319911968
28.654666444311463,43855.01922947297,216.41201099590842
28.66466777853429,43876.997077604734,222.64532338878593
28.67466911275712,43874.50657284306,225.50821001116137
28.684670446979943,43862.89362762352,224.3375249948668
28.69467178120277,43845.000325233865,218.96250942215588
28.7046731154256,43838.17165091431,209.65535759925172
28.714674449648427,43821.9751348092,196.97731828736784
28.724675783871255,43797.57093597058,181.59975860198767
28.734677118094083,43793.25075143757,164.1587941047663
28.74467845231691,43770.54599325556,145.17539179030348
28.75467978653974,43745.633158886696,125.04417199661262
28.764681120762567,43736.086555366914,104.06949604497441
28.774682454985392,43707.19470539169,82.51973337163902
28.78468378920822,43677.23085351192,60.67237641349598
28.794685123431048,43660.27854771656,38.83204881055444
28.804686457653872,43634.938816702816,17.324710715772866
28.8146877918767,43615.33432097491,-3.516340861644199
28.82468912609953,43591.63480880888,-23.36535053153084
28.834690460322356,43573.861173518664,-41.921626529876356
28.844691794545184,43553.643386724616,-58.93037943335781
28.854693128768012,43539.24612375013,-74.2042880966499
28.86469446299084,43517.22791434649,-87.64177387549798
28.87469579721367,43517.517282944995,-99.23607993248775
28.884697131436496,43496.757806302514,-109.07044820374439
28.894698465659324,43481.017249592034,-117.30083588269974
28.90469979988215,43490.09154764241,-124.12662188053818
28.914701134104977,43484.71916343354,-129.74579525839684
28.924702468327805,43464.48825485011,-134.3080151003175
28.93470380255063,43466.519490856466,-137.8972236404681
28.944705136773457,43458.467334458306,-140.55637534952206
28.954706470996285,43460.73754663015,-142.3350227339428
28.964707805219113,43456.19133373397,-143.33856507081728
28.97470913944194,43453.42102036537,-143.77412547372916
28.98471047366477,43438.21805733228,-143.99125265100426
28.994711807887597,43445.06209291729,-144.49844527888484
29.004713142110425,43443.360625972055,-145.91769814069391
29.014714476333253,43448.04990533935,-148.84960333278332
29.024715810556078,43441.25670937265,-153.66410456262113
29.034717144778906,43431.129719078875,-160.27111952321306
29.044718479001734,43434.91317764606,-167.93300013656977
29.05471981322456,43419.57603238185,-175.16879510584283
29.064721147447386,43424.807320461696,-179.79182213255496
29.074722481670214,43420.69541610793,-179.11696282773778
29.084723815893042,43423.49617653578,-170.3594461564446
29.09472515011587,43421.31796142432,-151.21363982810513
29.1047264843387,43417.853242813806,-120.536156622784
29.114727818561526,43440.02098472924,-78.96051820528825
29.124729152784354,43497.75866598257,-29.183203343546626
29.134730487007182,43626.48829447356,24.32419205187913
29.144731821230007,43707.63392311345,76.22500738323843
29.154733155452835,43754.68063066636,121.57983817765137
29.164734489675663,43757.850753895575,156.97984007134366
29.174735823898487,43761.36980202903,181.1452784699129
29.184737158121315,43754.27117415663,194.86893399790912
29.194738492344143,43755.68893409379,200.4523789097567
29.20473982656697,43749.87100331432,200.90014647712363
29.2147411607898,43742.86248166394,199.12110101850146
29.224742495012627,43749.33189351279,197.31562796776797
29.234743829235455,43758.92103083547,196.6493573266417
29.244745163458283,43761.83997714363,197.23275820178486
29.25474649768111,43770.407522920475,198.34734019501838
29.26474783190394,43778.01164786694,198.8091069527009
29.274749166126764,43763.27455796825,197.34821107927175
29.284750500349592,43752.59062041623,192.90518711586392
29.29475183457242,43743.75899643418,184.79722941416094
29.304753168795244,43724.29011633011,172.76926700871923
29.314754503018072,43716.639757852674,156.97440145417596
29.3247558372409,43691.524230727344,137.91997928129072
29.33475717146373,43673.01336784505,116.39311893173344
29.344758505686556,43640.284323921645,93.36514362614272
29.354759839909384,43621.34998882065,69.87769693790656
29.364761174132212,43594.70702887845,46.92573933286767
29.37476250835504,43570.254296032785,25.357155406458705
29.38476384257787,43553.74916776566,5.803222444599341
29.394765176800693,43535.39813390456,-11.352997283528007
29.40476651102352,43518.90650550214,-25.971496636815786
29.41476784524635,43504.461998498846,-38.1224293020792
29.424769179469173,43498.24255517232,-48.03515891043213
29.434770513692,43487.72895425322,-56.03657819423779
29.44477184791483,43480.67394583756,-62.48961218578819
29.454773182137657,43465.7736558756,-67.74519620250736
29.464774516360485,43471.14360180436,-72.11117491587417
29.474775850583313,43466.51827671303,-75.83045839260767
29.48477718480614,43457.68140283395,-79.06735138680084
29.49477851902897,43447.434858794695,-81.91324646125301
29.504779853251797,43453.7711904675,-84.41358863678997
29.51478118747462,43440.389555305366,-86.5977042244487
29.52478252169745,43448.36268037458,-88.49154858416341
29.534783855920278,43451.70267666642,-90.1102251149199
29.544785190143106,43439.776123885036,-91.4477033324738
29.55478652436593,43435.22713911117,-92.49208010789496
29.56478785858876,43427.9691132778,-93.27682162164486
29.574789192811586,43433.973890958565,-93.94091224258797
29.584790527034414,43429.51764500503,-94.75501776019895
29.594791861257242,43435.30024113854,-96.09151472188414
29.60479319548007,43420.76270734324,-98.3468557016639
29.6147945297029,43413.91315716119,-101.83516138753033
29.624795863925726,43415.12552587242,-106.65670775693107
29.634797198148554,43423.13435017786,-112.53251843845452
29.64479853237138,43409.58019335257,-118.62067760606635
29.654799866594207,43428.557586819166,-123.37811947388256
29.664801200817035,43415.948111717575,-124.5603697070414
29.67480253503986,43416.01913012019,-119.44445773941536
29.684803869262687,43417.34151025486,-105.31496592428955
29.694805203485515,43415.46154118248,-80.1681674122349
29.704806537708343,43419.86210483972,-43.48380824879501
29.71480787193117,43440.99581548917,3.186289971921944
29.724809206154,43549.18941869219,56.119271251325884
29.734810540376827,43695.880442179194,110.02796816492888
29.744811874599655,43741.15580048654,159.2797395461727
29.754813208822483,43758.82806041306,199.26763319111623
29.764814543045308,43757.13373284908,227.37891565918042
29.774815877268136,43754.59198283001,243.26931788998775
29.784817211490964,43743.79386325966,248.50915978968277
29.794818545713788,43755.128009848784,245.8647041123354
29.804819879936616,43735.13050959845,238.48838573930956
29.814821214159444,43723.98502121244,229.20940869117587
29.824822548382272,43723.33129846507,220.0345268183468
29.8348238826051,43727.9004428491,211.91756798487643
29.844825216827928,43720.480885468365,204.8021084019515
29.854826551050756,43718.23078167895,197.8758825151584
29.864827885273584,43712.82300378558,189.93818662275
29.874829219496412,43709.317431930875,179.7849726271935
29.88483055371924,43685.40691876342,166.5326579532203
29.894831887942065,43667.62821643715,149.82228885090973
29.904833222164893,43650.5185184974,129.88162964647927
29.91483455638772,43625.35653127501,107.46004186760867
29.924835890610545,43591.12167220744,83.66701170801035
29.934837224833373,43567.3129124808,59.75256326749579
29.9448385590562,43546.11154392829,36.88475658704873
29.95483989327903,43534.95215678916,15.98529649009694
29.964841227501857,43517.460616429256,-2.345218923572609
29.974842561724685,43496.59853452911,-17.826315236314066
29.984843895947513,43488.1392267835,-30.455725161282427
29.99484523017034,43473.1392896205,-40.44802172083212
30.00484656439317,43485.41416813819,-48.15766653775801
30.014847898615994,43466.5879241546,-53.99678476328802
30.02484923283882,43453.17289010943,-58.37572726110246
30.03485056706165,43461.46835203644,-61.68463856105993
30.044851901284474,43452.28102676566,-64.29830358292352
30.054853235507302,43457.26453965802,-66.57240146444315
30.06485456973013,43451.097442726146,-68.81857883882763
30.074855903952958,43462.22135903426,-71.26553074215919
30.084857238175786,43452.9715118989,-74.02367949149532
30.094858572398614,43440.066412293265,-77.07703584799661
30.104859906621442,43447.788851253405,-80.31292907342679
30.11486124084427,43443.42655174256,-83.57176485022202
30.124862575067098,43440.31453866378,-86.69048280877723
30.134863909289923,43444.19613130197,-89.53193047414645
30.14486524351275,43432.25133931906,-92.00693749976224
30.15486657773558,43440.847363146975,-94.09343061977052
30.164867911958403,43437.69376089754,-95.84994984921238
30.17486924618123,43438.83265977453,-97.42180955367242
30.18487058040406,43428.96538304546,-99.04464584846092
30.194871914626887,43429.82627375703,-101.0452342285189
30.204873248849715,43419.37411951077,-103.81932075357031
30.214874583072543,43429.50175188232,-107.75142396140285
30.22487591729537,43431.50527895271,-113.05333095452873
30.2348772515182,43431.55978093595,-119.53969491404203
30.244878585741027,43426.62041271545,-126.40786527853476
30.254879919963855,43428.22112751579,-132.1098407329595
30.26488125418668,43434.89259654126,-134.39114805699066
30.274882588409508,43439.949302611414,-130.55024375373108
30.284883922632336,43419.97648644987,-117.94779659555837
30.29488525685516,43421.6774073771,-94.73017342598511
30.304886591077988,43430.1373584256,-60.60599470763516
30.314887925300816,43465.11246890548,-17.388516147606566
30.324889259523644,43570.0678789309,31.009044017870565
30.334890593746472,43710.58957244048,79.28595706681838
30.3448919279693,43744.00583503652,122.00554933547318
30.354893262192128,43748.837593491924,154.89251200053317
30.364894596414956,43739.76986500531,175.65030862165358
30.374895930637784,43729.087311699936,184.07769704135387
30.38489726486061,43725.82944624735,181.62336719827002
30.394898599083437,43724.20927444033,170.68134637315347
30.404899933306265,43701.83462305478,153.89294215626217
30.41490126752909,43686.69788359889,133.6081118537731
30.424902601751917,43673.29443720356,111.56976055242623
30.434903935974745,43664.834161778504,88.83332255533129
30.444905270197573,43643.62000359333,65.88611977629165
30.4549066044204,43624.51448065091,42.88302062147267
30.46490793864323,43604.8105480731,19.89819579966746
30.474909272866057,43579.29067345944,-2.886418619651651
30.484910607088885,43549.34541819125,-25.099068348887947
30.494911941311713,43526.034770884005,-46.20477653129635
30.504913275534538,43512.91044010562,-65.60242173460486
30.514914609757366,43501.516521360136,-82.73727059142203
30.524915943980194,43481.391405671544,-97.19461512891104
30.53491727820302,43468.42087324527,-108.77009226689022
30.544918612425846,43461.948283277336,-117.51524993131267
30.554919946648674,43460.906341102265,-123.74192211522302
30.564921280871502,43456.41491223003,-127.97025996063587
30.57492261509433,43457.18001020754,-130.82654940249307
30.584923949317158,43461.616464214116,-132.9156868195314
30.594925283539986,43461.65974383329,-134.7022763097587
30.604926617762814,43454.247190928334,-136.43928477028098
30.614927951985642,43446.90207219963,-138.17457044137416
30.62492928620847,43437.20271275279,-139.83170366717573
30.634930620431295,43439.892900315805,-141.3177130742286
30.644931954654123,43457.676581682535,-142.5930868084537
30.65493328887695,43452.53813283096,-143.67330020954617
30.664934623099775,43435.38801975877,-144.59102616350336
30.674935957322603,43448.87646475658,-145.3677804276084
30.68493729154543,43439.28466738476,-146.00750958059348
30.69493862576826,43445.8814529553,-146.49434607348064
30.704939959991087,43439.26523280916,-146.78515150429274
30.714941294213915,43447.11031796117,-146.80319386041222
30.724942628436743,43436.896011025085,-146.4425651687233
30.73494396265957,43444.29270247521,-145.59040572970116
30.7449452968824,43434.60678917651,-144.16724785365244
30.754946631105224,43444.67233966974,-142.176238627664
30.76494796532805,43430.21684791797,-139.74578449152057
30.77494929955088,43450.42957942523,-137.14855577725268
30.784950633773704,43431.86053766658,-134.78307285142813
30.794951967996532,43439.9892279675,-133.11178995660487
30.80495330221936,43432.272033968016,-132.5524591100892
30.814954636442188,43444.00847904518,-133.31818102777655
30.824955970665016,43440.24809648128,-135.21672607517942
30.834957304887844,43443.151265525914,-137.45577102958504
30.844958639110672,43432.789301060686,-138.52938114401778
30.8549599733335,43447.22033561005,-136.25859455626738
30.864961307556328,43442.32732183696,-128.0343835357943
30.874962641779156,43442.39794599215,-111.2813092287769
30.88496397600198,43434.69374741764,-84.10937133149176
30.89496531022481,43454.732682306356,-46.028207940722105
30.904966644447637,43462.988145361516,1.5086449855120978
30.91496797867046,43570.13716569132,55.01003914902776
30.92496931289329,43685.34363411552,109.49437861169721
30.934970647116117,43754.93847932196,159.5975671289142
30.944971981338945,43756.663830823694,200.83716630732914
30.954973315561773,43758.08685976062,230.5223355677536
30.9649746497846,43738.08777502303,248.01986123687084
30.97497598400743,43733.64883033706,254.4304291145458
30.984977318230257,43723.68410964004,251.9429983866114
30.994978652453085,43717.907555825426,243.15285861981087
31.00497998667591,43694.412666282544,230.52890464280728
31.014981320898737,43689.33460033088,216.09728259287954
31.024982655121566,43653.40490541238,201.32829509443604
31.03498398934439,43665.55834818791,187.17355699281396
31.044985323567218,43611.25261395435,174.17964077773476
31.054986657790046,43611.907141041986,162.59848839891205
31.064987992012874,43566.55510788738,152.43924663862308
31.074989326235702,43562.015193541825,143.45518948764916
31.08499066045853,43504.95514327322,135.10312387736388
31.094991994681358,43521.59684373432,126.54094248819958
31.104993328904186,43474.34057372158,116.73711909104236
31.114994663127014,43505.065412783384,104.72960328402752
31.12499599734984,43444.23473012163,89.99089328924224
31.134997331572666,43516.92237821928,72.7673787056545
31.144998665795494,43383.977869984665,54.19294894919916
