time,ppg
16.163,44005.683696658285
16.17300133422283,44520.0701057912
16.183002668445656,44372.46341115673
16.193004002668484,44447.603492563874
16.20300533689131,44395.14309167534
16.213006671114137,44427.873367647
16.223008005336965,44384.15220085604
16.233009339559793,44426.939454001564
16.24301067378262,44417.29002477347
16.25301200800545,44457.29986559423
16.263013342228273,44461.95441444303
16.2730146764511,44496.45313498591
16.28301601067393,44493.533107107316
16.293017344896757,44524.03370883693
16.303018679119585,44524.17065966076
16.313020013342413,44539.721585052226
16.323021347565238,44533.782200057765
16.333022681788066,44553.67298981454
16.343024016010894,44540.507360598516
16.35302535023372,44563.04338540271
16.36302668445655,44545.49222146539
16.373028018679378,44549.567487441556
16.383029352902202,44545.60152255987
16.39303068712503,44545.68159850252
16.403032021347858,44533.88283058147
16.413033355570686,44534.29535979626
16.423034689793514,44522.912833545066
16.433036024016342,44519.52188885541
16.443037358239167,44508.83537709675
16.453038692461995,44512.55792873825
16.463040026684823,44504.27207282866
16.47304136090765,44500.41719251555
16.48304269513048,44483.051001564134
16.493044029353307,44494.595843362804
16.503045363576135,44480.872117574
16.51304669779896,44473.59159353009
16.523048032021787,44470.709181102226
16.533049366244615,44473.099549201346
16.543050700467443,44472.30363441908
16.55305203469027,44463.77220528634
16.5630533689131,44466.416006831976
16.573054703135924,44464.180944263964
16.58305603735875,44462.32293670212
16.59305737158158,44466.68209952852
16.603058705804408,44460.049647843145
16.613060040027236,44455.191681836404
16.623061374250064,44449.13806488076
16.633062708472888,44452.7709210179
16.643064042695716,44439.11872946641
16.653065376918544,44453.30591967872
16.663066711141372,44447.65564178388
16.6730680453642,44446.160531023575
16.683069379587028,44435.332799749194
16.693070713809853,44433.03909028239
16.70307204803268,44425.28572423252
16.71307338225551,44424.60263140402
16.723074716478337,44416.7368516127
16.733076050701165,44404.0868390571
16.743077384923993,44400.82951342004
16.753078719146817,44408.86895359084
16.763080053369645,44398.286433797206
16.773081387592473,44393.01111294771
16.7830827218153,44383.62568347815
16.79308405603813,44389.927575408954
16.803085390260957,44383.582647691226
16.81308672448378,44413.56342981319
16.82308805870661,44429.05255776916
16.833089392929438,44455.78042118579
16.843090727152266,44466.31237919708
16.853092061375094,44490.73656399089
16.86309339559792,44506.78970058508
16.87309472982075,44520.65345607722
16.883096064043574,44520.23032698611
16.893097398266402,44527.4525933155
16.90309873248923,44530.16070215829
16.913100066712058,44524.25846537337
16.923101400934886,44523.12068396927
16.933102735157714,44526.91400511977
16.94310406938054,44538.43483663866
16.953105403603367,44527.186366965296
16.963106737826195,44532.98795509557
16.973108072049023,44530.78789186281
16.98310940627185,44502.27854131052
16.99311074049468,44510.55304650689
17.003112074717503,44493.73117372398
17.01311340894033,44482.64026181139
17.02311474316316,44474.13890687983
17.033116077385987,44473.88891828295
17.043117411608815,44460.07187296569
17.053118745831643,44452.43765990436
17.063120080054468,44443.77790422389
17.073121414277296,44438.739757458156
17.083122748500124,44438.30586873092
17.09312408272295,44433.89095754659
17.10312541694578,44429.67086900561
17.113126751168608,44442.07843347388
17.123128085391436,44433.369373566486
17.13312941961426,44432.02722282202
17.143130753837088,44436.91213117053
17.153132088059916,44423.849484470804
17.163133422282744,44428.36046681756
17.173134756505572,44429.070735046305
17.183136090728397,44416.53702098155
17.193137424951225,44423.40685281038
17.203138759174053,44408.95177797398
17.21314009339688,44412.547304002954
17.22314142761971,44416.38965951588
17.233142761842537,44415.688309776015
17.243144096065365,44395.679868135594
17.25314543028819,44398.59004932524
17.263146764511017,44397.87721561187
17.273148098733845,44390.99194089656
17.283149432956673,44379.79970833731
17.2931507671795,44380.76597001249
17.30315210140233,44379.68701966619
17.313153435625154,44363.23011420912
17.32315476984798,44356.0464453422
17.33315610407081,44358.179444474474
17.343157438293638,44341.857041627125
17.353158772516466,44347.293896041614
17.363160106739294,44335.97306749393
17.373161440962118,44356.925677732754
17.383162775184946,44382.13620622398
17.393164109407774,44418.38910890413
17.403165443630602,44427.09809517027
17.41316677785343,44452.1784385129
17.423168112076258,44468.15350126667
17.433169446299082,44478.47953909215
17.44317078052191,44483.59572607659
17.45317211474474,44494.36343875509
17.463173448967567,44494.901917453935
17.473174783190395,44497.08508666835
17.483176117413223,44505.681687347336
17.49317745163605,44504.02578222885
17.503178785858875,44505.794097100865
17.513180120081703,44503.97092973027
17.52318145430453,44493.30151532253
17.53318278852736,44487.21208835775
17.543184122750187,44490.77647363735
17.553185456973015,44481.90436494557
17.56318679119584,44476.134951671236
17.573188125418667,44467.83140393569
17.583189459641495,44455.80839514684
17.593190793864323,44443.54493529024
17.60319212808715,44433.303281087996
17.61319346230998,44427.55875703986
17.623194796532804,44424.3404172039
17.633196130755632,44424.6634301589
17.64319746497846,44420.44251331572
17.653198799201288,44408.417693016905
17.663200133424116,44408.68683513224
17.673201467646944,44407.96408523302
17.68320280186977,44406.583619173376
17.693204136092596,44404.906802886
17.703205470315424,44407.53438826495
17.713206804538252,44391.43744796243
17.72320813876108,44396.11776021921
17.73320947298391,44391.88703828302
17.743210807206733,44390.53389721037
17.75321214142956,44382.69056754893
17.76321347565239,44384.872459617945
17.773214809875217,44381.623966059145
17.783216144098045,44381.26737912585
17.793217478320873,44372.94097628564
17.803218812543697,44376.80122731948
17.813220146766525,44368.07784957604
17.823221480989353,44358.07067991134
17.83322281521218,44367.76058220198
17.84322414943501,44352.12030453261
17.853225483657837,44345.12117346077
17.863226817880665,44342.09140911576
17.87322815210349,44341.682002820286
17.883229486326318,44337.90294142731
17.893230820549146,44329.435333457186
17.903232154771974,44308.84318490209
17.913233488994802,44315.36011636817
17.92323482321763,44313.2246334429
17.933236157440454,44327.41786526322
17.943237491663282,44340.988457766856
17.95323882588611,44376.27874879104
17.96324016010894,44402.32672508837
17.973241494331766,44425.5193320879
17.983242828554594,44443.02425221818
17.99324416277742,44452.09895454398
18.003245497000247,44467.36413271978
18.013246831223075,44476.658301824085
18.023248165445903,44491.42397332638
18.03324949966873,44489.68811452692
18.04325083389156,44496.52498442473
18.053252168114383,44498.86095334183
18.06325350233721,44490.92916776368
18.07325483656004,44486.95873304959
18.083256170782867,44489.43422908
18.093257505005695,44482.09828331474
18.103258839228523,44471.966411777845
18.11326017345135,44475.37444931303
18.123261507674176,44465.0717842605
18.133262841897004,44451.99600205812
18.143264176119832,44448.257812522665
18.15326551034266,44441.47668466996
18.163266844565488,44428.26901668969
18.173268178788312,44421.14012732548
18.18326951301114,44413.24498678403
18.19327084723397,44402.38647027702
18.203272181456796,44402.46820642501
18.213273515679624,44386.13034448028
18.223274849902452,44393.66222808525
18.23327618412528,44400.63642951218
18.243277518348105,44389.01921030335
18.253278852570933,44389.96796943981
18.26328018679376,44381.97150420194
18.27328152101659,44390.696325903205
18.283282855239417,44377.86398770545
18.293284189462245,44376.753715342624
18.30328552368507,44388.144958191326
18.313286857907897,44383.046808665706
18.323288192130725,44378.22972671047
18.333289526353553,44375.280768790384
18.34329086057638,44370.19498084245
18.35329219479921,44361.169012943516
18.363293529022037,44350.69019603458
18.373294863244862,44351.81057357738
18.38329619746769,44345.28905492021
18.393297531690518,44354.38579078012
18.403298865913346,44342.31161737979
18.413300200136174,44336.79300796734
18.423301534359,44329.76543150082
18.433302868581826,44324.35122719923
18.443304202804654,44318.793623249156
18.453305537027482,44301.30052533765
18.46330687125031,44293.9128020975
18.47330820547314,44291.22247937233
18.483309539695966,44295.72812700148
18.49331087391879,44298.66191984587
18.50331220814162,44317.88099752211
18.513313542364447,44328.62732378043
18.523314876587275,44362.35062701444
18.533316210810103,44387.81189015151
18.543317545032927,44411.515466347424
18.553318879255755,44428.40231751716
18.563320213478583,44447.64373262793
18.57332154770141,44450.27116588862
18.58332288192424,44466.19579050318
18.593324216147067,44474.950279279175
18.603325550369895,44475.52555892059
18.61332688459272,44488.978955718674
18.623328218815548,44487.03642941589
18.633329553038376,44485.926715351256
18.643330887261204,44478.937084873825
18.653332221484032,44490.20008574921
18.66333355570686,44480.11257252321
18.673334889929684,44471.76484816159
18.683336224152512,44464.25634687483
18.69333755837534,44455.895855659895
18.70333889259817,44453.94877916559
18.713340226820996,44433.556730373544
18.723341561043824,44424.20192632585
18.733342895266652,44430.603984208035
18.743344229489477,44417.72970575563
18.753345563712305,44405.49647540018
18.763346897935133,44390.93464461786
18.77334823215796,44399.79883211746
18.78334956638079,44393.05224790932
18.793350900603613,44382.44982592821
18.80335223482644,44382.50621861941
18.81335356904927,44376.12212977655
18.823354903272097,44374.35314017551
18.833356237494925,44375.14845343421
18.843357571717753,44369.35623272818
18.85335890594058,44364.20796426459
18.863360240163406,44366.75892105685
18.873361574386234,44358.33009910561
18.88336290860906,44353.46124559264
18.89336424283189,44361.34942655359
18.903365577054718,44358.281917226486
18.913366911277542,44357.111733161524
18.92336824550037,44346.798389990654
18.9333695797232,44349.89996503963
18.943370913946026,44344.39583360353
18.953372248168854,44342.46806831898
18.963373582391682,44342.27680305589
18.97337491661451,44334.72388551743
18.983376250837335,44321.71266862838
18.993377585060163,44320.521650527015
19.00337891928299,44312.801874641926
19.01338025350582,44298.62474931267
19.023381587728647,44296.139656024054
19.033382921951475,44295.8685214144
19.0433842561743,44287.818789474506
19.053385590397127,44275.95964641825
19.063386924619955,44278.95500441629
19.073388258842783,44298.84512551723
19.08338959306561,44322.07364168495
19.09339092728844,44350.08360108603
19.103392261511267,44381.6572783221
19.11339359573409,44424.175058615096
19.12339492995692,44429.31756431595
19.133396264179748,44437.920796192535
19.143397598402576,44462.24684908004
19.153398932625404,44464.37105267114
19.163400266848228,44480.15185336854
19.173401601071056,44484.45725636361
19.183402935293884,44491.199940157116
19.193404269516712,44489.29342764452
19.20340560373954,44483.37607806017
19.213406937962368,44486.978783186656
19.223408272185196,44487.61231284146
19.23340960640802,44476.58424349107
19.24341094063085,44471.651160650865
19.253412274853677,44460.267040171
19.263413609076505,44450.368269265855
19.273414943299333,44449.64678240153
19.28341627752216,44438.92076529386
19.293417611744985,44423.997853441455
19.303418945967813,44417.759381614065
19.31342028019064,44410.37922995991
19.32342161441347,44398.73099131362
19.333422948636297,44391.417357993
19.343424282859125,44378.52110745112
19.353425617081953,44378.70544160554
19.363426951304778,44375.45473348498
19.373428285527606,44366.80134752665
19.383429619750434,44358.63310802833
19.39343095397326,44361.28079704145
19.40343228819609,44359.69058859847
19.413433622418914,44357.93751402223
19.423434956641742,44346.728730040224
19.43343629086457,44346.62561926234
19.443437625087398,44350.197114417955
19.453438959310226,44342.59250117671
19.463440293533054,44338.84022121859
19.473441627755882,44334.848680402916
19.483442961978707,44337.24984701473
19.493444296201535,44325.777151470626
19.503445630424363,44330.229107073974
19.51344696464719,44323.161797189394
19.52344829887002,44315.56521911515
19.533449633092843,44312.81565241398
19.54345096731567,44303.02356779554
19.5534523015385,44292.69187670687
19.563453635761327,44292.61904982529
19.573454969984155,44286.200829650734
19.583456304206983,44274.91224099608
19.59345763842981,44270.081631339766
19.603458972652636,44273.97839573645
19.613460306875464,44265.47441267184
19.62346164109829,44260.70656139092
19.63346297532112,44258.58005384678
19.643464309543948,44257.163685907726
19.653465643766776,44273.126700826346
19.6634669779896,44293.392866220536
19.673468312212428,44328.181867807034
19.683469646435256,44367.20954492974
19.693470980658084,44388.98897960864
19.703472314880912,44421.436207363055
19.71347364910374,44435.252810059974
19.723474983326568,44446.2540418814
19.733476317549393,44461.48882365356
19.74347765177222,44471.63164921262
19.75347898599505,44473.48131288301
19.763480320217877,44472.99221840258
19.773481654440705,44476.645313728084
19.78348298866353,44483.18537643348
19.793484322886357,44481.44500202072
19.803485657109185,44477.54775923013
19.813486991332013,44475.46972729095
19.82348832555484,44458.831324378334
19.83348965977767,44452.58184075723
19.843490994000497,44447.8526929783
19.85349232822332,44434.122915696265
19.86349366244615,44427.26004468342
19.873494996668978,44410.042341295935
19.883496330891806,44404.84200276518
19.893497665114634,44383.12079491613
19.903498999337458,44385.002685943524
19.913500333560286,44377.557843306015
19.923501667783114,44376.08013384716
19.933503002005942,44357.52553620303
19.94350433622877,44352.02512658157
19.953505670451598,44342.43920316177
19.963507004674426,44338.78930708631
19.97350833889725,44341.7935640219
19.98350967312008,44338.59718230341
19.993511007342907,44350.012482817314
20.003512341565735,44343.02858590155
20.013513675788563,44329.681797680074
20.02351501001139,44325.43754549785
20.033516344234215,44327.19145404207
20.043517678457043,44317.562623953236
20.05351901267987,44307.93256569624
20.0635203469027,44305.222097825026
20.073521681125527,44306.17834985016
20.083523015348355,44304.049563586064
20.093524349571183,44304.513098243726
20.103525683794008,44296.808116216045
20.113527018016836,44291.53655040034
20.123528352239664,44289.23573657713
20.13352968646249,44280.48442102482
20.14353102068532,44276.81562511985
20.153532354908144,44269.65846062703
20.163533689130972,44256.28306294681
20.1735350233538,44247.05586348147
20.183536357576628,44230.68457411236
20.193537691799456,44240.276217868086
20.203539026022284,44224.95074532942
20.213540360245112,44238.44181708316
20.22354169446794,44237.28257988266
20.233543028690764,44258.46432572456
20.243544362913592,44276.09036252698
20.25354569713642,44325.23962895711
20.26354703135925,44359.307962598024
20.273548365582073,44389.7483285028
20.2835496998049,44419.34094167341
20.29355103402773,44433.49324989919
20.303552368250557,44446.36256335269
20.313553702473385,44454.49803226667
20.323555036696213,44464.64640435395
20.33355637091904,44482.652648343355
20.34355770514187,44476.6361937289
20.353559039364693,44487.28733832625
20.36356037358752,44477.59370608844
20.37356170781035,44484.138642615515
20.383563042033177,44474.67313336176
20.393564376256005,44476.35101653282
20.40356571047883,44455.63959841287
20.413567044701658,44450.357205760185
20.423568378924486,44434.08672086378
20.433569713147314,44430.32706347746
20.443571047370142,44410.507277310375
20.45357238159297,44414.90189614143
20.463573715815798,44396.080610156765
20.473575050038622,44382.38244982442
20.48357638426145,44377.4259331591
20.49357771848428,44366.59015643043
20.503579052707106,44362.25284197557
20.513580386929934,44345.411900515865
20.52358172115276,44342.405199175904
20.533583055375587,44347.60072628892
20.543584389598415,44327.85105239056
20.553585723821243,44335.78653291494
20.56358705804407,44325.21211942445
20.5735883922669,44317.22440683737
20.583589726489727,44318.04126878638
20.593591060712555,44317.473069622545
20.60359239493538,44304.674657997406
20.613593729158207,44305.41000973681
20.623595063381035,44311.24039870232
20.633596397603863,44284.46092031553
20.643597731826688,44300.72317844627
20.653599066049516,44288.91991617486
20.663600400272344,44287.648949775095
20.673601734495172,44282.50847544409
20.683603068718,44270.00559293761
20.693604402940828,44263.07204990336
20.703605737163656,44261.556136502026
20.713607071386484,44266.40795642457
20.72360840560931,44249.41398337496
20.733609739832136,44246.58283042543
20.743611074054964,44239.30579063372
20.753612408277792,44234.96525404577
20.76361374250062,44220.152994496115
20.773615076723445,44221.01317213408
20.783616410946273,44205.864594186896
20.7936177451691,44203.977589276365
20.80361907939193,44201.5786569692
20.813620413614757,44208.14550929286
20.823621747837585,44228.76133545308
20.833623082060413,44274.679574552385
20.843624416283237,44307.48834846102
20.853625750506065,44349.19547859908
20.863627084728893,44387.4629887889
20.87362841895172,44411.70901880581
20.88362975317455,44430.69632219776
20.893631087397374,44448.247089832
20.903632421620202,44461.017486403536
20.91363375584303,44468.08002178275
20.923635090065858,44480.6259904651
20.933636424288686,44469.2103486666
20.943637758511514,44484.95969159143
20.953639092734342,44475.121183874304
20.96364042695717,44474.2919528907
20.973641761179994,44476.37844087933
20.983643095402822,44466.79051110399
20.99364442962565,44455.20674155811
21.00364576384848,44449.43972785343
21.013647098071303,44443.843004097325
21.02364843229413,44428.95793023534
21.03364976651696,44407.494326473396
21.043651100739787,44389.68799130632
21.053652434962615,44380.894502177514
21.063653769185443,44362.334119220795
21.07365510340827,44358.87260063213
21.0836564376311,44343.67134034708
21.093657771853923,44340.96338438671
21.10365910607675,44330.74808018591
21.11366044029958,44319.596335251445
21.123661774522407,44316.382267453504
21.133663108745235,44311.42629059926
21.14366444296806,44304.950431407204
21.153665777190888,44298.71672799514
21.163667111413716,44286.31049276383
21.173668445636544,44299.01104941533
21.183669779859372,44285.031688863164
21.1936711140822,44286.167510987514
21.203672448305028,44275.71828087682
21.213673782527856,44274.46853046376
21.22367511675068,44257.727789906116
21.23367645097351,44265.55219609361
21.243677785196336,44258.66637197132
21.253679119419164,44251.67159549568
21.26368045364199,44243.69216106869
21.273681787864817,44244.58032318627
21.283683122087645,44224.79314196441
21.293684456310473,44229.48551203128
21.3036857905333,44228.76726869851
21.31368712475613,44217.215794086136
21.323688458978957,44206.984571967405
21.333689793201785,44203.113337606876
21.34369112742461,44194.34762795481
21.353692461647437,44185.22951061111
21.363693795870265,44182.701602267094
21.373695130093093,44177.14221306293
21.38369646431592,44166.37531444173
21.393697798538746,44172.058897051465
21.403699132761574,44162.031627899094
21.4137004669844,44176.08229600543
21.42370180120723,44197.242880064725
21.433703135430058,44246.2193808176
21.443704469652886,44288.180279494365
21.453705803875714,44325.846683795135
21.46370713809854,44363.210047841
21.473708472321366,44394.971301487996
21.483709806544194,44412.860298801075
21.493711140767022,44428.96632105483
21.50371247498985,44443.26451581079
21.513713809212675,44444.67914435994
21.523715143435503,44456.67187674435
21.53371647765833,44459.249441033564
21.54371781188116,44451.23961237635
21.553719146103987,44457.38145429956
21.563720480326815,44451.52588972952
21.573721814549643,44455.830817503884
21.58372314877247,44438.372043044765
21.593724482995295,44426.44685134738
21.603725817218123,44419.75306115473
21.61372715144095,44399.687539534614
21.62372848566378,44383.10114202618
21.633729819886604,44371.605998735184
21.64373115410943,44355.23260456702
21.65373248833226,44346.09520698636
21.663733822555088,44323.20125229804
21.673735156777916,44321.6441218113
21.683736491000744,44301.65432567449
21.69373782522357,44297.44380866654
21.7037391594464,44290.24204068243
21.713740493669224,44281.573882613244
21.723741827892052,44269.33503597124
21.73374316211488,44265.235611001466
21.74374449633771,44252.46443071358
21.753745830560536,44253.35840944729
21.76374716478336,44245.09848772144
21.77374849900619,44244.47614959437
21.783749833229017,44242.692588981634
21.793751167451845,44216.4212446731
21.803752501674673,44227.216099960046
21.8137538358975,44212.71745892579
21.82375517012033,44214.92880519689
21.833756504343153,44208.437983274365
21.84375783856598,44202.8652437489
21.85375917278881,44188.6239086102
21.863760507011637,44183.329867586806
21.873761841234465,44178.02816547938
21.88376317545729,44168.666732968886
21.893764509680118,44170.96189843504
21.903765843902946,44150.151330112334
21.913767178125774,44161.87802054923
21.9237685123486,44148.49375151505
21.93376984657143,44142.36911510753
21.943771180794258,44137.19792463823
21.953772515017086,44127.79573639457
21.96377384923991,44120.0463696436
21.973775183462738,44104.959783304956
21.983776517685566,44103.65297170764
21.993777851908394,44105.68109288785
22.00377918613122,44107.781631828686
22.013780520354047,44113.673598797825
22.023781854576875,44144.64489246585
22.033783188799703,44180.65410663702
22.04378452302253,44228.41878676811
22.05378585724536,44276.902595795626
22.063787191468187,44313.50361924288
22.073788525691015,44346.7453321501
22.08378985991384,44374.13874964317
22.093791194136667,44392.237449220214
22.103792528359495,44398.27701466472
22.113793862582323,44411.13744112137
22.12379519680515,44418.26322617606
22.133796531027976,44420.08818250689
22.143797865250804,44410.47494846645
22.15379919947363,44411.27955375449
22.16380053369646,44405.521710730616
22.173801867919288,44403.67702947468
22.183803202142116,44383.78996426475
22.193804536364944,44381.8432535397
22.20380587058777,44367.503694507526
22.213807204810596,44354.0551596866
22.223808539033424,44330.71966144113
22.233809873256252,44309.03119389268
22.24381120747908,44300.65137113938
22.253812541701905,44289.88267865025
22.263813875924733,44277.20750634243
22.27381521014756,44256.43130224535
22.28381654437039,44245.13223387539
22.293817878593217,44236.22788377599
22.303819212816045,44222.56171681409
22.313820547038873,44218.95299307322
22.3238218812617,44216.38825670896
22.333823215484525,44197.90108840242
22.343824549707353,44185.78560421495
22.35382588393018,44177.114240526724
22.36382721815301,44168.55927556607
22.373828552375837,44164.9695941946
22.38382988659866,44161.33755344952
22.39383122082149,44150.533515786665
22.403832555044318,44139.76590333172
22.413833889267146,44132.57249896096
22.423835223489974,44133.15461596277
22.4338365577128,44124.655248326846
22.44383789193563,44112.43448590481
22.453839226158454,44106.002132773705
22.463840560381282,44101.597006834505
22.47384189460411,44100.86001000123
22.483843228826938,44090.49037139991
22.493844563049766,44095.51904954019
22.50384589727259,44077.45244859217
22.51384723149542,44086.790737215044
22.523848565718247,44068.53833650735
22.533849899941075,44064.02579696975
22.543851234163903,44060.83322581228
22.55385256838673,44059.4867729145
22.56385390260956,44038.5352325915
22.573855236832387,44044.05127479658
22.58385657105521,44031.564483906935
22.59385790527804,44021.4898724116
22.603859239500867,44029.510933319165
22.613860573723695,44042.99435689164
22.62386190794652,44065.55584003553
22.633863242169348,44111.47092285522
22.643864576392176,44163.28136599556
22.653865910615004,44218.65816472729
22.66386724483783,44249.460553323246
22.67386857906066,44293.37422136654
22.683869913283488,44329.74824806359
22.693871247506316,44347.04523264834
22.70387258172914,44354.77881536346
22.713873915951968,44366.07036879843
22.723875250174796,44369.07118114026
22.733876584397624,44374.52304748955
22.743877918620452,44383.37444243492
22.753879252843277,44377.73419457407
22.763880587066105,44385.46103552032
22.773881921288933,44379.523963438674
22.78388325551176,44369.22311242368
22.79388458973459,44353.24295619208
22.803885923957417,44340.29608170169
22.813887258180245,44319.38307011095
22.82388859240307,44298.98738612842
22.833889926625897,44286.56977735905
22.843891260848725,44270.18919995756
22.853892595071553,44248.12369359666
22.86389392929438,44243.64766964151
22.873895263517205,44224.968109791735
22.883896597740033,44214.47353708668
22.89389793196286,44210.94582071572
22.90389926618569,44197.77065665927
22.913900600408518,44185.00030134085
22.923901934631346,44175.56013191402
22.933903268854174,44170.38981556999
22.943904603077,44151.52422013011
22.953905937299826,44151.54745876555
22.963907271522654,44143.19306130988
22.973908605745482,44139.362504560675
22.98390993996831,44129.19217370191
22.993911274191134,44124.54004700552
23.003912608413962,44110.232912801
23.01391394263679,44098.70968736636
23.02391527685962,44104.105083676135
23.033916611082446,44086.87726440287
23.043917945305274,44084.28938383168
23.053919279528102,44063.798155230295
23.06392061375093,44072.014964472335
23.073921947973755,44063.98441237797
23.083923282196583,44059.51891816569
23.09392461641941,44054.959015973254
23.10392595064224,44044.7878111778
23.113927284865067,44025.614462155165
23.12392861908789,44017.465152851095
23.13392995331072,44023.30835560294
23.143931287533547,44010.35059433927
23.153932621756375,44008.65496559952
23.163933955979203,43994.829507706556
23.17393529020203,43990.915533382286
23.18393662442486,43993.014683950714
23.193937958647687,43986.95308844838
23.203939292870512,43978.73485080117
23.21394062709334,44010.384813901896
23.223941961316168,44035.34818802572
23.233943295538996,44084.75457618051
23.24394462976182,44135.955720313286
23.25394596398465,44181.136774876046
23.263947298207476,44228.94458422519
23.273948632430304,44265.01076760466
23.283949966653132,44291.56166898074
23.29395130087596,44310.67153427525
23.30395263509879,44319.3776659315
23.313953969321616,44330.81617437466
23.32395530354444,44333.20319473825
23.33395663776727,44338.92310281739
23.343957971990097,44347.78822406224
23.353959306212925,44343.05506227631
23.363960640435753,44341.30151732546
23.373961974658577,44334.50999647154
23.383963308881405,44340.80684337454
23.393964643104233,44325.996885212655
23.40396597732706,44301.76965915697
23.41396731154989,44284.80337510466
23.423968645772717,44268.23159001699
23.433969979995545,44249.221501012435
23.44397131421837,44235.78605583931
23.453972648441198,44214.10779139577
23.463973982664026,44194.53853338921
23.473975316886854,44190.345900139255
23.483976651109682,44178.03997555981
23.493977985332506,44162.96634443673
23.503979319555334,44154.95296276053
23.513980653778162,44140.91255698816
23.52398198800099,44133.84932735391
23.53398332222382,44119.48593238723
23.543984656446646,44103.3340659055
23.553985990669474,44101.193475809756
23.563987324892302,44092.93131533848
23.573988659115127,44091.498657639735
23.583989993337955,44071.26331747694
23.593991327560783,44066.225010866954
23.60399266178361,44052.216650117385
23.613993996006435,44049.02235872629
23.623995330229263,44049.390074733084
23.63399666445209,44032.34198859876
23.64399799867492,44029.76156891336
23.653999332897747,44021.568603019914
23.664000667120575,44010.04799126917
23.674002001343403,44011.41570148329
23.68400333556623,43988.28136964807
23.694004669789056,43994.838074213454
23.704006004011884,43992.555449464446
23.714007338234712,43981.4393814929
23.72400867245754,43962.57027053639
23.734010006680368,43961.79541262472
23.744011340903192,43961.42880869946
23.75401267512602,43951.75716196507
23.76401400934885,43943.549306444416
23.774015343571676,43936.03770763336
23.784016677794504,43931.79035126908
23.794018012017332,43926.65912548974
23.80401934624016,43923.36181236072
23.814020680462985,43957.828506931844
23.824022014685813,43998.09113741835
23.83402334890864,44031.04146305711
23.84402468313147,44083.611241669336
23.854026017354297,44126.754589798256
23.86402735157712,44165.899244708715
23.87402868579995,44208.950284877166
23.884030020022777,44235.743174617906
23.894031354245605,44255.77996409267
23.904032688468433,44266.53437957589
23.91403402269126,44279.76785750132
23.92403535691409,44275.559033239595
23.934036691136917,44280.001591947286
23.944038025359742,44280.85350971306
23.95403935958257,44294.36690463806
23.964040693805398,44281.2489099517
23.974042028028226,44279.484472829885
23.98404336225105,44278.849804700956
23.99404469647388,44257.04008540646
24.004046030696706,44249.89670233601
24.014047364919534,44224.381765882936
24.024048699142362,44202.66370647759
24.03405003336519,44187.08004938982
24.04405136758802,44172.18817845866
24.054052701810846,44159.25308846502
24.06405403603367,44147.38932340329
24.0740553702565,44135.098192635465
24.084056704479327,44109.08293113269
24.094058038702155,44100.64512368897
24.104059372924983,44096.41320158564
24.114060707147807,44079.72771405999
24.124062041370635,44060.11933054503
24.134063375593463,44067.82643188176
24.14406470981629,44046.7344435004
24.15406604403912,44033.57731384357
24.164067378261947,44019.87986102037
24.174068712484775,44013.180307889605
24.184070046707603,44005.6269078702
24.194071380930428,43997.90647910445
24.204072715153256,43987.17807296101
24.214074049376084,43987.24330384502
24.224075383598908,43974.183640695366
24.234076717821736,43968.982832676564
24.244078052044564,43959.22971767171
24.254079386267392,43953.545190326724
24.26408072049022,43943.734191673735
24.27408205471305,43935.390296236525
24.284083388935876,43923.04208848153
24.294084723158704,43925.48150024875
24.304086057381532,43907.83340345522
24.31408739160436,43902.88871854327
24.324088725827185,43896.406465616776
24.334090060050013,43892.26340227287
24.34409139427284,43872.94264267318
24.354092728495665,43881.183432172955
24.364094062718493,43858.15802188614
24.37409539694132,43856.92591370906
24.38409673116415,43853.040446346095
24.394098065386977,43851.73156240493
24.404099399609805,43867.104335560325
24.414100733832633,43908.72699405619
24.42410206805546,43931.84777395639
24.43410340227829,43988.945191785235
24.444104736501114,44031.28356316842
24.45410607072394,44072.392727996805
24.46410740494677,44112.38023522079
24.474108739169594,44130.61739671202
24.484110073392422,44164.23383694451
24.49411140761525,44183.65260251597
24.504112741838078,44195.49239952937
24.514114076060906,44202.054142140056
24.524115410283734,44202.54520048378
24.534116744506562,44206.28039018025
24.54411807872939,44209.14227340497
24.55411941295222,44215.993883171395
24.564120747175043,44206.30650494547
24.57412208139787,44199.446053275424
24.5841234156207,44176.13871168465
24.594124749843527,44169.956611751615
24.60412608406635,44160.185854230134
24.61412741828918,44142.829854321804
24.624128752512007,44123.88438390557
24.634130086734835,44111.636087403545
24.644131420957663,44100.7509646323
24.65413275518049,44080.94182229078
24.66413408940332,44070.766686955605
24.674135423626147,44066.78903902386
24.684136757848975,44044.51487493704
24.6941380920718,44032.10597157892
24.704139426294628,44031.451958309124
24.714140760517456,44011.81120512209
24.72414209474028,43999.74258843901
24.734143428963108,43992.05698354305
24.744144763185936,43978.344110557686
24.754146097408764,43965.12621587416
24.764147431631592,43959.46343662075
24.77414876585442,43954.083277195394
24.784150100077248,43944.92055745754
24.794151434300076,43926.022320265874
24.804152768522904,43935.554206149136
24.81415410274573,43922.36892475147
24.824155436968557,43909.475435498636
24.834156771191385,43903.49955107182
24.84415810541421,43894.4853804423
24.854159439637037,43883.88486901813
24.864160773859865,43873.32054667373
24.874162108082693,43869.17472899435
24.88416344230552,43870.53456189844
24.89416477652835,43849.529983061206
24.904166110751177,43850.406238795986
24.914167444974005,43837.78507349691
24.924168779196833,43825.6651937422
24.93417011341966,43819.945650354166
24.944171447642486,43802.51476064668
24.954172781865314,43803.02295563004
24.96417411608814,43782.06745157106
24.974175450310966,43779.81316997611
24.984176784533794,43785.13707122252
24.994178118756622,43803.39078056618
25.00417945297945,43845.08815695524
25.014180787202278,43897.48660909362
25.024182121425106,43942.56579135121
25.034183455647934,43982.16214355924
25.044184789870762,44032.62504765584
25.05418612409359,44065.77714773714
25.064187458316415,44089.66586034424
25.074188792539243,44118.3660590459
25.08419012676207,44154.85126101007
25.094191460984895,44170.04786472635
25.104192795207723,44186.93387359937
25.11419412943055,44192.22494391184
25.12419546365338,44194.02573665928
25.134196797876207,44193.8191335268
25.144198132099035,44189.261723886535
25.154199466321863,44190.45425217771
25.16420080054469,44177.28024253558
25.17420213476752,44175.086903790885
25.184203468990344,44158.53178817307
25.19420480321317,44146.24177650141
25.204206137436,44133.417234813634
25.214207471658824,44122.234750183015
25.224208805881652,44096.78925807933
25.23421014010448,44085.5663061572
25.244211474327308,44069.84186407662
25.254212808550136,44058.33647856748
25.264214142772964,44048.537003597456
25.274215476995792,44033.0095012715
25.28421681121862,44014.79754356581
25.294218145441448,44003.055661665334
25.304219479664276,43986.376280492696
25.3142208138871,43971.3963268714
25.32422214810993,43964.34610536304
25.334223482332757,43953.85631898097
25.34422481655558,43943.72049098993
25.35422615077841,43937.593578733824
25.364227485001237,43925.06839489286
25.374228819224065,43913.56011966801
25.384230153446893,43907.38975768564
25.39423148766972,43898.35565154234
25.40423282189255,43896.70204697039
25.414234156115377,43879.425186441826
25.424235490338205,43877.230344872834
25.43423682456103,43856.44879180707
25.444238158783858,43858.67446799183
25.454239493006686,43844.101832670814
25.46424082722951,43829.068711476706
25.474242161452338,43831.310174616476
25.484243495675166,43802.10517814176
25.494244829897994,43789.52726891872
25.504246164120822,43781.25945958204
25.51424749834365,43769.28972143269
25.524248832566478,43764.53983941125
25.534250166789306,43745.78301286364
25.544251501012134,43730.454128749414
25.55425283523496,43724.19426382992
25.564254169457787,43720.19805321268
25.574255503680615,43736.25148753075
25.584256837903443,43767.31745010009
25.594258172126267,43806.89528832875
25.604259506349095,43861.309429716195
25.614260840571923,43909.419524696095
25.62426217479475,43955.32109730133
25.63426350901758,43991.37844222241
25.644264843240407,44024.37151651899
25.654266177463235,44056.007620775345
25.664267511686063,44084.34485384691
25.67426884590889,44113.92291178808
25.684270180131715,44132.83782288829
25.694271514354543,44154.128818123194
25.70427284857737,44150.423601021095
25.714274182800196,44153.84702003671
25.724275517023024,44155.60156627907
25.734276851245852,44162.73472973561
25.74427818546868,44147.960903579435
25.754279519691508,44145.27586686049
25.764280853914336,44126.84297456733
25.774282188137164,44112.596380804076
25.784283522359992,44096.16625500681
25.79428485658282,44083.99665801214
25.804286190805644,44071.08806784988
25.814287525028472,44048.593935353754
25.8242888592513,44042.409791437116
25.834290193474125,44012.63951998497
25.844291527696953,44010.05409107843
25.85429286191978,43991.968689325906
25.86429419614261,43968.43568780356
25.874295530365437,43963.67335735884
25.884296864588265,43950.87276850964
25.894298198811093,43934.539177053666
25.90429953303392,43925.32734531426
25.91430086725675,43914.94961659094
25.924302201479577,43892.442932257916
25.9343035357024,43893.014854641966
25.94430486992523,43877.53589576627
25.954306204148057,43875.75248838986
25.964307538370882,43859.9277556312
25.97430887259371,43852.46588079159
25.984310206816538,43839.16684444209
25.994311541039366,43835.573209587754
26.004312875262194,43818.34284537237
26.014314209485022,43811.30399862902
26.02431554370785,43799.12399102402
26.034316877930678,43790.212855454585
26.044318212153506,43770.3414614191
26.05431954637633,43757.35427669297
26.06432088059916,43745.81497027315
26.074322214821986,43732.52130163953
26.08432354904481,43717.83018355695
26.09432488326764,43701.48370508432
26.104326217490467,43674.14775886218
26.114327551713295,43668.874301853226
26.124328885936123,43646.00735720739
26.13433022015895,43629.16178367197
26.14433155438178,43626.21926280947
26.154332888604607,43633.916318976044
26.164334222827435,43661.67387432835
26.17433555705026,43712.22467638057
26.184336891273087,43751.59589560377
26.194338225495915,43805.96113348416
26.20433955971874,43848.95677564174
26.214340893941568,43905.7150380754
26.224342228164396,43942.81390726114
26.234343562387224,43978.15010159294
26.244344896610052,43995.993855515226
26.25434623083288,44029.16691561025
26.264347565055708,44061.19620678839
26.274348899278536,44087.02288481252
26.284350233501364,44105.10015901979
26.294351567724192,44092.8448917536
26.304352901947016,44101.25001389403
26.314354236169844,44104.10620062296
26.324355570392672,44084.86102012361
26.334356904615497,44079.5609374311
26.344358238838325,44065.18636439315
26.354359573061153,44051.40731461175
26.36436090728398,44036.87880416457
26.37436224150681,44016.12382919065
26.384363575729637,44005.46521491081
26.394364909952465,43995.393913061096
26.404366244175293,43975.464726898
26.41436757839812,43965.20052385944
26.424368912620945,43948.45598549984
26.434370246843773,43935.73717970553
26.4443715810666,43916.71190072905
26.454372915289426,43899.68465125286
26.464374249512254,43884.40885175684
26.474375583735082,43878.68256059032
26.48437691795791,43866.72292193428
26.494378252180738,43843.91885015126
26.504379586403566,43837.89015431503
26.514380920626394,43823.03389671865
26.524382254849222,43812.891051482075
26.53438358907205,43797.115959634604
26.544384923294874,43789.74535647484
26.554386257517702,43769.64403756319
26.56438759174053,43738.41631247457
26.57438892596336,43735.6980079098
26.584390260186183,43710.181014517744
26.59439159440901,43702.535369303536
26.60439292863184,43679.40485931666
26.614394262854667,43665.48606341828
26.624395597077495,43649.72571236472
26.634396931300323,43633.948511446746
26.64439826552315,43616.96972449984
26.65439959974598,43597.463325868746
26.664400933968807,43583.52253802096
26.67440226819163,43566.985179081574
26.68440360241446,43560.059367254435
26.694404936637287,43551.489432856724
26.70440627086011,43535.62047947958
26.71440760508294,43528.443609359194
26.724408939305768,43523.50084044491
26.734410273528596,43515.67880827367
26.744411607751424,43528.998642120074
26.754412941974252,43564.90920204921
26.76441427619708,43639.23095108386
26.774415610419908,43719.19298104634
26.784416944642736,43770.41761998633
26.79441827886556,43813.37560638807
26.80441961308839,43848.89279283902
26.814420947311216,43871.4313521356
26.82442228153404,43898.93879019445
26.83442361575687,43923.89455554305
26.844424949979697,43947.71746613442
26.854426284202525,43975.97875175935
26.864427618425353,43991.56595434315
26.87442895264818,44019.08537678778
26.88443028687101,44024.63943730451
26.894431621093837,44023.67983303646
26.904432955316665,44012.640927432374
26.914434289539493,44002.737575434396
26.924435623762317,43982.09174507547
26.934436957985145,43978.70468724097
26.944438292207973,43957.211868212755
26.954439626430798,43941.92620707595
26.964440960653626,43930.091817186
26.974442294876454,43928.08571443967
26.98444362909928,43900.55728579687
26.99444496332211,43896.35051380595
27.004446297544938,43881.681435227016
27.014447631767766,43867.16619548526
27.024448965990594,43852.81187472266
27.03445030021342,43848.872234830895
27.044451634436246,43824.47730477463
27.054452968659074,43815.487233541506
27.064454302881902,43801.84508708845
27.074455637104727,43775.90766187703
27.084456971327555,43763.75345489292
27.094458305550383,43755.401742199865
27.10445963977321,43739.76975707896
27.11446097399604,43712.213019185205
27.124462308218867,43689.65590927294
27.134463642441695,43672.43564980457
27.144464976664523,43663.876831896865
27.15446631088735,43635.7713692731
27.164467645110175,43613.93134326637
27.174468979333003,43594.51493911489
27.18447031355583,43582.47341413849
27.194471647778656,43564.37799360987
27.204472982001484,43561.54174758164
27.21447431622431,43557.7943175426
27.22447565044714,43532.45077250257
27.234476984669968,43516.88780940281
27.244478318892796,43521.922443665535
27.254479653115624,43522.39974328246
27.26448098733845,43508.32257679264
27.27448232156128,43496.06980262707
27.284483655784108,43490.23978779268
27.294484990006932,43487.51358731076
27.30448632422976,43479.016930394195
27.314487658452588,43477.753821415026
27.324488992675413,43478.82504696935
27.33449032689824,43491.93488380948
27.34449166112107,43554.174740143804
27.354492995343897,43661.12338660881
27.364494329566725,43722.16835156665
27.374495663789553,43775.51442203336
27.38449699801238,43804.09577036163
27.39449833223521,43837.42383462959
27.404499666458037,43849.28641686203
27.41450100068086,43878.79242129929
27.42450233490369,43887.79923390725
27.434503669126517,43927.147752971665
27.44450500334934,43953.06677829137
27.45450633757217,43993.30974065894
27.464507671794998,44000.32047347712
27.474509006017826,44018.51978853949
27.484510340240654,44023.5947025673
27.49451167446348,44021.183119657646
27.50451300868631,44002.86229760458
27.514514342909138,43986.65844854229
27.524515677131966,43980.62470201672
27.53451701135479,43952.7368962583
27.544518345577618,43938.78544579814
27.554519679800446,43925.73854279436
27.564521014023274,43908.031928276054
27.5745223482461,43900.71965676039
27.584523682468927,43880.67962836045
27.594525016691755,43873.1557002507
27.604526350914583,43849.45249211023
27.61452768513741,43837.214237451095
27.62452901936024,43822.65237223457
27.634530353583067,43807.00899189939
27.644531687805895,43793.08157491174
27.654533022028723,43779.60214668578
27.664534356251547,43760.1668600268
27.674535690474375,43742.209871107334
27.684537024697203,43716.142500477596
27.694538358920028,43702.17452726389
27.704539693142856,43678.827985743286
27.714541027365684,43667.81361408802
27.72454236158851,43633.91762615066
27.73454369581134,43623.97296734938
27.744545030034168,43605.58639142646
27.754546364256996,43580.30881396696
27.764547698479824,43571.24664602541
27.77454903270265,43555.6865210517
27.784550366925476,43538.4969472833
27.794551701148304,43525.3393039623
27.804553035371132,43521.819549405554
27.814554369593957,43514.237792248976
27.824555703816785,43506.20786525475
27.834557038039613,43494.18406328915
27.84455837226244,43480.96785343429
27.85455970648527,43485.61822466364
27.864561040708097,43472.50244665693
27.874562374930925,43472.65767642753
27.884563709153753,43473.38987652839
27.89456504337658,43465.72555078589
27.90456637759941,43467.125186630314
27.914567711822233,43454.9375095721
27.92456904604506,43466.49982126879
27.93457038026789,43544.810442490045
27.944571714490714,43660.305899410705
27.95457304871354,43719.06770263073
27.96457438293637,43769.218078525395
27.974575717159198,43789.17697297271
27.984577051382026,43804.72330228433
27.994578385604854,43816.460228676806
28.00457971982768,43843.69984555732
28.01458105405051,43850.0575441839
28.024582388273338,43879.66609904885
28.034583722496162,43903.97419850812
28.04458505671899,43944.776394646025
28.054586390941818,43955.636849172006
28.064587725164643,43953.131256515255
28.07458905938747,43970.1153667718
28.0845903936103,43957.3617429762
28.094591727833127,43948.41874155189
28.104593062055955,43946.688720612576
28.114594396278783,43923.153898702934
28.12459573050161,43898.76310920558
28.13459706472444,43887.295069860374
28.144598398947267,43878.783185551445
28.15459973317009,43843.634382866774
28.16460106739292,43837.105754835946
28.174602401615747,43829.67209826421
28.18460373583857,43804.82344460323
28.1946050700614,43794.899119220616
28.204606404284227,43772.266736761296
28.214607738507056,43757.12048649916
28.224609072729884,43736.391235065086
28.23461040695271,43720.8558843339
28.24461174117554,43702.21360390032
28.254613075398368,43675.51148031706
28.264614409621196,43654.7373135015
28.274615743844024,43629.7693317468
28.284617078066848,43612.79246911746
28.294618412289676,43592.726967317896
28.304619746512504,43574.2472193889
28.31462108073533,43551.17282512598
28.324622414958156,43534.979495525105
28.334623749180984,43529.27020136557
28.344625083403812,43510.27007527464
28.35462641762664,43499.50678286179
28.36462775184947,43488.86485582739
28.374629086072297,43482.337602447595
28.384630420295125,43472.55441403028
28.394631754517953,43466.02565955652
28.404633088740777,43462.061860754955
28.414634422963605,43458.479871529635
28.424635757186433,43470.55244405493
28.434637091409257,43459.18920268678
28.444638425632085,43451.027009588346
28.454639759854913,43446.739503941775
28.46464109407774,43443.83069056564
28.47464242830057,43441.36829831207
28.484643762523397,43436.36560017973
28.494645096746225,43434.351199709
28.504646430969053,43434.72684449374
28.51464776519188,43451.56783130873
28.524649099414706,43455.46625657831
28.534650433637534,43577.54456023803
28.544651767860362,43683.66530528994
28.55465310208319,43722.25773568006
28.564654436306014,43763.50637864525
28.574655770528842,43777.32470115711
28.58465710475167,43763.99818984946
28.5946584389745,43779.15806273921
28.604659773197326,43785.191919621524
28.614661107420154,43798.70334111966
28.624662441642982,43809.09078974719
28.63466377586581,43829.65472475685
28.64466511008864,43852.20729668516
28.654666444311463,43855.01922947297
28.66466777853429,43876.997077604734
28.67466911275712,43874.50657284306
28.684670446979943,43862.89362762352
28.69467178120277,43845.000325233865
28.7046731154256,43838.17165091431
28.714674449648427,43821.9751348092
28.724675783871255,43797.57093597058
28.734677118094083,43793.25075143757
28.74467845231691,43770.54599325556
28.75467978653974,43745.633158886696
28.764681120762567,43736.086555366914
28.774682454985392,43707.19470539169
28.78468378920822,43677.23085351192
28.794685123431048,43660.27854771656
28.804686457653872,43634.938816702816
28.8146877918767,43615.33432097491
28.82468912609953,43591.63480880888
28.834690460322356,43573.861173518664
28.844691794545184,43553.643386724616
28.854693128768012,43539.24612375013
28.86469446299084,43517.22791434649
28.87469579721367,43517.517282944995
28.884697131436496,43496.757806302514
28.894698465659324,43481.017249592034
28.90469979988215,43490.09154764241
28.914701134104977,43484.71916343354
28.924702468327805,43464.48825485011
28.93470380255063,43466.519490856466
28.944705136773457,43458.467334458306
28.954706470996285,43460.73754663015
28.964707805219113,43456.19133373397
28.97470913944194,43453.42102036537
28.98471047366477,43438.21805733228
28.994711807887597,43445.06209291729
29.004713142110425,43443.360625972055
29.014714476333253,43448.04990533935
29.024715810556078,43441.25670937265
29.034717144778906,43431.129719078875
29.044718479001734,43434.91317764606
29.05471981322456,43419.57603238185
29.064721147447386,43424.807320461696
29.074722481670214,43420.69541610793
29.084723815893042,43423.49617653578
29.09472515011587,43421.31796142432
29.1047264843387,43417.853242813806
29.114727818561526,43440.02098472924
29.124729152784354,43497.75866598257
29.134730487007182,43626.48829447356
29.144731821230007,43707.63392311345
29.154733155452835,43754.68063066636
29.164734489675663,43757.850753895575
29.174735823898487,43761.36980202903
29.184737158121315,43754.27117415663
29.194738492344143,43755.68893409379
29.20473982656697,43749.87100331432
29.2147411607898,43742.86248166394
29.224742495012627,43749.33189351279
29.234743829235455,43758.92103083547
29.244745163458283,43761.83997714363
29.25474649768111,43770.407522920475
29.26474783190394,43778.01164786694
29.274749166126764,43763.27455796825
29.284750500349592,43752.59062041623
29.29475183457242,43743.75899643418
29.304753168795244,43724.29011633011
29.314754503018072,43716.639757852674
29.3247558372409,43691.524230727344
29.33475717146373,43673.01336784505
29.344758505686556,43640.284323921645
29.354759839909384,43621.34998882065
29.364761174132212,43594.70702887845
29.37476250835504,43570.254296032785
29.38476384257787,43553.74916776566
29.394765176800693,43535.39813390456
29.40476651102352,43518.90650550214
29.41476784524635,43504.461998498846
29.424769179469173,43498.24255517232
29.434770513692,43487.72895425322
29.44477184791483,43480.67394583756
29.454773182137657,43465.7736558756
29.464774516360485,43471.14360180436
29.474775850583313,43466.51827671303
29.48477718480614,43457.68140283395
29.49477851902897,43447.434858794695
29.504779853251797,43453.7711904675
29.51478118747462,43440.389555305366
29.52478252169745,43448.36268037458
29.534783855920278,43451.70267666642
29.544785190143106,43439.776123885036
29.55478652436593,43435.22713911117
29.56478785858876,43427.9691132778
29.574789192811586,43433.973890958565
29.584790527034414,43429.51764500503
29.594791861257242,43435.30024113854
29.60479319548007,43420.76270734324
29.6147945297029,43413.91315716119
29.624795863925726,43415.12552587242
29.634797198148554,43423.13435017786
29.64479853237138,43409.58019335257
29.654799866594207,43428.557586819166
29.664801200817035,43415.948111717575
29.67480253503986,43416.01913012019
29.684803869262687,43417.34151025486
29.694805203485515,43415.46154118248
29.704806537708343,43419.86210483972
29.71480787193117,43440.99581548917
29.724809206154,43549.18941869219
29.734810540376827,43695.880442179194
29.744811874599655,43741.15580048654
29.754813208822483,43758.82806041306
29.764814543045308,43757.13373284908
29.774815877268136,43754.59198283001
29.784817211490964,43743.79386325966
29.794818545713788,43755.128009848784
29.804819879936616,43735.13050959845
29.814821214159444,43723.98502121244
29.824822548382272,43723.33129846507
29.8348238826051,43727.9004428491
29.844825216827928,43720.480885468365
29.854826551050756,43718.23078167895
29.864827885273584,43712.82300378558
29.874829219496412,43709.317431930875
29.88483055371924,43685.40691876342
29.894831887942065,43667.62821643715
29.904833222164893,43650.5185184974
29.91483455638772,43625.35653127501
29.924835890610545,43591.12167220744
29.934837224833373,43567.3129124808
29.9448385590562,43546.11154392829
29.95483989327903,43534.95215678916
29.964841227501857,43517.460616429256
29.974842561724685,43496.59853452911
29.984843895947513,43488.1392267835
29.99484523017034,43473.1392896205
30.00484656439317,43485.41416813819
30.014847898615994,43466.5879241546
30.02484923283882,43453.17289010943
30.03485056706165,43461.46835203644
30.044851901284474,43452.28102676566
30.054853235507302,43457.26453965802
30.06485456973013,43451.097442726146
30.074855903952958,43462.22135903426
30.084857238175786,43452.9715118989
30.094858572398614,43440.066412293265
30.104859906621442,43447.788851253405
30.11486124084427,43443.42655174256
30.124862575067098,43440.31453866378
30.134863909289923,43444.19613130197
30.14486524351275,43432.25133931906
30.15486657773558,43440.847363146975
30.164867911958403,43437.69376089754
30.17486924618123,43438.83265977453
30.18487058040406,43428.96538304546
30.194871914626887,43429.82627375703
30.204873248849715,43419.37411951077
30.214874583072543,43429.50175188232
30.22487591729537,43431.50527895271
30.2348772515182,43431.55978093595
30.244878585741027,43426.62041271545
30.254879919963855,43428.22112751579
30.26488125418668,43434.89259654126
30.274882588409508,43439.949302611414
30.284883922632336,43419.97648644987
30.29488525685516,43421.6774073771
30.304886591077988,43430.1373584256
30.314887925300816,43465.11246890548
30.324889259523644,43570.0678789309
30.334890593746472,43710.58957244048
30.3448919279693,43744.00583503652
30.354893262192128,43748.837593491924
30.364894596414956,43739.76986500531
30.374895930637784,43729.087311699936
30.38489726486061,43725.82944624735
30.394898599083437,43724.20927444033
30.404899933306265,43701.83462305478
30.41490126752909,43686.69788359889
30.424902601751917,43673.29443720356
30.434903935974745,43664.834161778504
30.444905270197573,43643.62000359333
30.4549066044204,43624.51448065091
30.46490793864323,43604.8105480731
30.474909272866057,43579.29067345944
30.484910607088885,43549.34541819125
30.494911941311713,43526.034770884005
30.504913275534538,43512.91044010562
30.514914609757366,43501.516521360136
30.524915943980194,43481.391405671544
30.53491727820302,43468.42087324527
30.544918612425846,43461.948283277336
30.554919946648674,43460.906341102265
30.564921280871502,43456.41491223003
30.57492261509433,43457.18001020754
30.584923949317158,43461.616464214116
30.594925283539986,43461.65974383329
30.604926617762814,43454.247190928334
30.614927951985642,43446.90207219963
30.62492928620847,43437.20271275279
30.634930620431295,43439.892900315805
30.644931954654123,43457.676581682535
30.65493328887695,43452.53813283096
30.664934623099775,43435.38801975877
30.674935957322603,43448.87646475658
30.68493729154543,43439.28466738476
30.69493862576826,43445.8814529553
30.704939959991087,43439.26523280916
30.714941294213915,43447.11031796117
30.724942628436743,43436.896011025085
30.73494396265957,43444.29270247521
30.7449452968824,43434.60678917651
30.754946631105224,43444.67233966974
30.76494796532805,43430.21684791797
30.77494929955088,43450.42957942523
30.784950633773704,43431.86053766658
30.794951967996532,43439.9892279675
30.80495330221936,43432.272033968016
30.814954636442188,43444.00847904518
30.824955970665016,43440.24809648128
30.834957304887844,43443.151265525914
30.844958639110672,43432.789301060686
30.8549599733335,43447.22033561005
30.864961307556328,43442.32732183696
30.874962641779156,43442.39794599215
30.88496397600198,43434.69374741764
30.89496531022481,43454.732682306356
30.904966644447637,43462.988145361516
30.91496797867046,43570.13716569132
30.92496931289329,43685.34363411552
30.934970647116117,43754.93847932196
30.944971981338945,43756.663830823694
30.954973315561773,43758.08685976062
30.9649746497846,43738.08777502303
30.97497598400743,43733.64883033706
30.984977318230257,43723.68410964004
30.994978652453085,43717.907555825426
31.00497998667591,43694.412666282544
31.014981320898737,43689.33460033088
31.024982655121566,43653.40490541238
31.03498398934439,43665.55834818791
31.044985323567218,43611.25261395435
31.054986657790046,43611.907141041986
31.064987992012874,43566.55510788738
31.074989326235702,43562.015193541825
31.08499066045853,43504.95514327322
31.094991994681358,43521.59684373432
31.104993328904186,43474.34057372158
31.114994663127014,43505.065412783384
31.12499599734984,43444.23473012163
31.134997331572666,43516.92237821928
31.144998665795494,43383.977869984665
